run_id,model_id,role,seed,tokens,optimizer_steps,total_scientific_wall_seconds,steady_state_equivalent_seconds,steady_state_tokens_per_second,heldout_bpb,final_validation_bpb,stabilized_decode_tokens_per_second,peak_inference_cuda_memory_mb,cache_correctness_passed,training_metrics_sha256,checkpoint_evaluations_sha256,final_inference_sha256
phase1-baseline-seed3,baseline,untouched original train.py baseline,3,201326592,384,824.915908637,688.6266087151528,292359.58856663614,1.1431104635651022,1.0896890306835203,199.60937030061908,250.8818359375,True,eb23da3fecccf308fc6f174e439a445f9a69a2e2c77646e5acb87cd3eb1c926a,894950386f9d642e53b75b0452e4d3bf8a8e97d58c6061a6551979730e146c0b,2b8c116a35a1d525974b739a5186821e7b22a3273654947de23c50eb82da64e7
phase1-autoresearch_compatible-seed3,autoresearch_compatible,strongest frozen AutoResearch compatible representative,3,201326592,1536,825.127081079,696.2325080829482,289165.7451536495,1.100920623285839,1.0325878153902854,193.98999738925096,250.8818359375,True,45704a53218a029c539e42b4a12258499a63bd5abb5dd6c2bbe29e8ae0f39d1c,390e1785775bfa8665c29ab693e458227546527971037c47ece13a771524215d,fbe3603933462c0c197d2abbb8e7645fae1f35fe2d2fe6e9fe00e1c8b3b67519
phase1-tpe_quality-seed3,tpe_quality,strongest frozen TPE quality representative,3,201326592,1536,663.980100665,541.07481796608,372086.42005701544,1.1145083448168578,1.0537405894951088,257.88189947705223,205.880859375,True,acc2d5abcebddb8216de3e60f6b7fd6ed35ff6d2f34125fbb8a2bc813e404806,2818c9b7d452f5357aefb4a3f6e249ff8905a06a920033a4c0f594be7101a6ce,22723b2c65021b43ec83cf2340e634cc080ea197ac35433956cf31fb08368a42
phase1-motpe_quality-seed3,motpe_quality,strongest frozen MOTPE quality representative,3,201326592,1536,537.230835778,398.23531873196066,505546.80243091757,1.1508093608896621,1.0791088329722855,276.1409132836941,145.568359375,True,0ebe1fd70113b3e086337e9a62d2ccffbce940f350787820ec302452a5f8ee07,e1527a4904ebc2370867186e88cd69f6417897d474cc872d665189c3c570cf4a,76e3fd782fabdb3f9480a0d1ef20c4320cde47a7f08be23880e50445e4f40bff
phase1-autopareto_292-seed3,autopareto_292,AutoPareto confirmed-quality recipe corresponding to confirmation 292,3,201326592,1536,546.656725022,385.16082901864917,522707.8582029221,1.1396157998884338,1.076588807258912,382.02448853360204,162.8798828125,True,c24345e08e3ae898f44a0f5c45b7f3534598c0479ab3671bbd1ca0fbf7a57c54,4d73f38f73d77d13e5d083db053f1b871ea052a89ffd8a32ee0eafcf278a7c4b,69d10eb081dfbc0563a9b968aff53df930e1eee852367355aed6fb8c142001ad
phase1-autopareto_299-seed3,autopareto_299,AutoPareto shallow-wide / fast-quality recipe corresponding to confirmation 299,3,201326592,1536,455.48336201,313.1755910684538,642855.311019415,1.1594194075079962,1.0972793337788,482.64356684048425,142.3798828125,True,881c9b332a0ff2337c2c14914ba0bd3107191d8c6550e0b6f9aa402356fadb37,a10eb2e3d62bd842d27e4ce8326e8a77c60bff63bfa48a07c3559f01d6e5f7bc,53cc369d59426601dd6b0aca883d49a5f89bee3bc639540872e525036eeaa5d2
phase1-autopareto_294-seed3,autopareto_294,AutoPareto efficiency-boundary recipe corresponding to confirmation 294,3,201326592,1536,443.220802698,303.1093727634885,664204.4426553975,1.1909114546092532,1.1276156012938687,500.05585206290755,106.9423828125,True,198dbe3eaf060705af268390c7455c16159526a265adb65f8f3f8747721b8af3,86ac0f383b5889a7197f9028233b5d65c01e46125c8bb1a01946a7d189c1d1f1,b627aeb4ae18b3e95c9272d9001ce700914dbcdabcf0a330889342de90cd6850
phase1-autopareto_292-seed4,autopareto_292,AutoPareto confirmed-quality recipe corresponding to confirmation 292,4,201326592,1536,482.292841751,385.13536666204334,522742.41585469426,1.148667552852964,1.0799093966674906,378.69671479851536,162.8798828125,True,ae3217e3f4163b16790dbde3ca292ca8d44c11a7a76e130d3afb539e404e62da,f4976a1615ea2fd34bf5c123696db2192a9ac7bf8412616acc1827ebafc93890,1cbd6ce27c9b0ad26f9e3b3de82a03f9af05a387d23714a1df02c48384c90c0a
phase1-autopareto_294-seed4,autopareto_294,AutoPareto efficiency-boundary recipe corresponding to confirmation 294,4,201326592,1536,392.546405342,291.4394471434072,690800.7614389077,1.1916783356808018,1.1283876791628933,493.2229622939195,106.9423828125,True,6b2a7f69d5774366f4997abaa944c7d3e95c0ee3f28c110f59062d75c867e8ed,b58192b13444c81d470bbfd6b897197f03bd6bdb8430db0141f43a2c1bbe08c0,e9b3db52c31c8190dfb73dd9de4715216565132ede3a34672826dd65c489bc7e
phase1-motpe_quality-seed4,motpe_quality,strongest frozen MOTPE quality representative,4,201326592,1536,535.286719414,398.2054216432052,505584.7586635573,1.1491464505468767,1.0767262513569205,265.9637657270107,145.568359375,True,115ff0776c0b7b60e33bce3be87179cd53537d57dc1f8a72a0ccc0f5e20ee8b7,9ec14f2d00e81f2a6f177f6d8afc47958c93fb8ce0d30656d4089c4f8823f128,100ab2aeff362753a793e6c812c13889bd3bd928af87411be45cdd0b72ae6e03
phase1-baseline-seed4,baseline,untouched original train.py baseline,4,201326592,384,798.841366031,689.1614728232494,292132.6857916717,1.1519004871954783,1.097355192326774,195.03555491658713,250.8818359375,True,171acb504e7f7a0c395faac4dc21c2e2331f8de4e0a4d40837771f872badb706,d99356bd92b87453149430cc01e929c74a16273d18276774fe4e4ee4028de844,aed6c690b16a7bbd4618aac8a6de389ab57e9dfd99ce1a5ce56ba9eaf41de124
phase1-autopareto_299-seed4,autopareto_299,AutoPareto shallow-wide / fast-quality recipe corresponding to confirmation 299,4,201326592,1536,422.37148822,312.7917882324354,643644.1095134963,1.1588967873234026,1.0963729880263802,484.34168672134695,142.3798828125,True,2869221b47dcebe75bc6dfa5e3e552a4d415133a5611d1fa32e064bbc7fd832d,1501599740b5f642506d83fe2f62c61c78388a6091511385ebef3f7212942523,18fd32db272d3e2ab35fbc964e3729de1d686ac51c2c256dbe91f5edf38f5e9e
phase1-autoresearch_compatible-seed4,autoresearch_compatible,strongest frozen AutoResearch compatible representative,4,201326592,1536,818.076239533,696.752620632299,288949.8884371576,1.100928774575567,1.0332243863061068,193.43706523094295,250.8818359375,True,72d051271e0d085724756542c17bd38a4f86d16b02cdaa93c45c46c77381de9f,b12ebf1307b300974d8f0f7a59a5dc01f7a2b7878bffd7ff196fa331eb5c5285,a8b7c50bab59a2e10b899e01136e874d2f596e3cd48cc6c8e415410c15c67c9b
phase1-tpe_quality-seed4,tpe_quality,strongest frozen TPE quality representative,4,201326592,1536,635.868733957,540.2959874850413,372622.7783721491,1.122378990918381,1.0587501157156307,256.0911466888535,205.880859375,True,3dbb3d4ee6a674b7cdc9f1308d061540d78f3c912aa83948db053b440fd8885b,f49999aa7d0433b72bd67ddfa9652b004f9f203c5b117f974ddedae5798a5984,9c16a96f0ddc009d7eaea54944646264e3d07fb818fb29b056a751f8a9e93b98
phase1-autopareto_299-seed5,autopareto_299,AutoPareto shallow-wide / fast-quality recipe corresponding to confirmation 299,5,201326592,1536,461.745145369,312.3875460106072,644477.0112351531,1.1596106821487935,1.0977878502644236,497.7890310157431,142.3798828125,True,edb728668ebbfb866cade67e5acc8414cdf39de05eb4ce0e4c2fb1a6cae4b01b,d69678b43d03539dacfde5abd30f135de086b93ec3998053c0558030331068c0,e6fa11eb787357a1616866a94a413ce0f6e342f1b5a7497c9dbd1ff22241b1ba
phase1-tpe_quality-seed5,tpe_quality,strongest frozen TPE quality representative,5,201326592,1536,695.90702385,540.2078137656237,372683.5985518496,1.1213174081582233,1.0591052239640468,262.70952891134027,205.880859375,True,c3a280b23259d0e5ac4537718feb3224cb004491ee874db7d65a6ed3337a6cc3,5c4f4097f0dda98b7fa4f0a3d96004c2a022b34eac11de71f24e3933bf7b4e4e,723a4f0cebb801bd415d89a9df7728610126599cfc063ae950ee2302356564a5
phase1-autopareto_294-seed5,autopareto_294,AutoPareto efficiency-boundary recipe corresponding to confirmation 294,5,201326592,1536,405.733614488,292.49882126906755,688298.8147661666,1.1875800088968536,1.1291351316509926,493.19509868152807,106.9423828125,True,237cc56b32ade194d4526d1d65e86950a9d97aad4253025a267331859e0c4a01,5d1642090c7034432ffbe061ffdacaec8d6c9a41e40300bfde943a14e891e01d,cf9ed513ffa1e6db9d751caa1472df1a8a94d8c53f4fe876d70dc8960f6e7da9
phase1-autoresearch_compatible-seed5,autoresearch_compatible,strongest frozen AutoResearch compatible representative,5,201326592,1536,815.395770622,695.5046260480839,289468.3722579312,1.0975599489328192,1.032171896875737,191.37262101747785,250.8818359375,True,aa641461932bd347e7e250c4cf2e51c6715ebb2afcc3c446d66c97b848383e88,210555921b255d11984c435843413b64f3709dd09d242db00fd1e9679ab99ae5,b98e5af50ff8d0dc9ba8e681076039fccb95572359be126a7b85b5dd82dafbab
phase1-motpe_quality-seed5,motpe_quality,strongest frozen MOTPE quality representative,5,201326592,1536,544.054954991,398.2570282044433,505519.2444630255,1.1448024587454098,1.0819624261820278,267.9145310328147,145.568359375,True,46a641dfe2e56646cbd5ea84928a4419a4e37144240e058579ae423253851d01,0ceb177ae5323a7045e3838b67f18aa068519dee255bc650f596780c209f0714,b92383e405efa570701b5b9d1ac80f95b06850ffe0bde220c3c22876cb25f850
phase1-autopareto_292-seed5,autopareto_292,AutoPareto confirmed-quality recipe corresponding to confirmation 292,5,201326592,1536,508.880264935,384.7611915817967,523250.7758184334,1.1372280113565931,1.0767050071935633,388.3442744088567,162.8798828125,True,4b9bbd33b2669648ff701cd2d5d0112475983b35392a1c6cd863c8ccf543cb3a,3aaff9b0d9962fc33b4d90a6497dab2631133a7b5c5642aa5525c8ed540d7ff2,a15971db4ad48534e6e0037cf2b2d23cf8226ebaa03e94ab8bbfa6f0dc1f0abe
phase1-baseline-seed5,baseline,untouched original train.py baseline,5,201326592,384,805.307011628,687.712185110992,292748.32751074096,1.144757650043697,1.093268971726509,195.8172392695405,250.8818359375,True,7fe887d2177d0f667f614cea74301bc279486c67fcc390f450e7beeb77f1963e,1c65724766d535ef8191b1902a32a40b855b75db597ad39d633106c2e060f71c,2dca10f6f39e17ee17d84af0fabe459f5910a82f52b55bc78c009ab8e26daa91
