measurement_id,experiment_id,campaign_id,experiment_number,method,training_seed,dtype,workload_name,context_tokens,generated_tokens,batch_size,repetition_index,is_warmup,prefill_milliseconds,prefill_tokens_per_second,decode_seconds,decode_tokens_per_second,allocated_memory_mib,reserved_memory_mib,prefill_kv_cache_memory_mb,incremental_kv_cache_memory_mb,correctness_passed,status,failure_reason,evaluator_git_commit,evaluator_sha256
1,4,baseline-a40-seed0,2,baseline,1,bf16,context256-batch1-decode128,256,128,1,0,1,,,,,,,,,1,completed,,,1e796430f905978e2b3dbb4b5d2f06d57252162fcf5d806c840b5cc88c466192
2,4,baseline-a40-seed0,2,baseline,1,bf16,context256-batch1-decode128,256,128,1,0,0,7.92737188749015,32293.174034636,0.917629929957911,138.400019282092,249.879943847656,288.0,4.0,1.984375,1,completed,,,1e796430f905978e2b3dbb4b5d2f06d57252162fcf5d806c840b5cc88c466192
3,4,baseline-a40-seed0,2,baseline,1,bf16,context256-batch1-decode128,256,128,1,1,0,7.31249689124525,35008.5618916969,0.916644986020401,138.548731446586,249.879943847656,288.0,4.0,1.984375,1,completed,,,1e796430f905978e2b3dbb4b5d2f06d57252162fcf5d806c840b5cc88c466192
4,4,baseline-a40-seed0,2,baseline,1,bf16,context256-batch1-decode128,256,128,1,2,0,7.28650088422,35133.4617353037,0.917098627891392,138.480198462406,249.879943847656,288.0,4.0,1.984375,1,completed,,,1e796430f905978e2b3dbb4b5d2f06d57252162fcf5d806c840b5cc88c466192
5,4,baseline-a40-seed0,2,baseline,1,bf16,context256-batch1-decode128,256,128,1,3,0,7.26392888464034,35242.6357781827,0.948897109832615,133.839589860699,249.879943847656,288.0,4.0,1.984375,1,completed,,,1e796430f905978e2b3dbb4b5d2f06d57252162fcf5d806c840b5cc88c466192
6,4,baseline-a40-seed0,2,baseline,1,bf16,context256-batch1-decode128,256,128,1,4,0,7.18819093890488,35613.9677111862,0.934441136894748,135.910112457201,249.879943847656,288.0,4.0,1.984375,1,completed,,,1e796430f905978e2b3dbb4b5d2f06d57252162fcf5d806c840b5cc88c466192
7,4,baseline-a40-seed0,2,baseline,1,bf16,context256-batch2-decode128,256,128,2,0,1,,,,,,,,,1,completed,,,1e796430f905978e2b3dbb4b5d2f06d57252162fcf5d806c840b5cc88c466192
8,4,baseline-a40-seed0,2,baseline,1,bf16,context256-batch2-decode128,256,128,2,0,0,8.0604781396687,63519.8050448461,0.959671781165525,264.673823889576,278.631896972656,352.0,8.0,3.96875,1,completed,,,1e796430f905978e2b3dbb4b5d2f06d57252162fcf5d806c840b5cc88c466192
9,4,baseline-a40-seed0,2,baseline,1,bf16,context256-batch2-decode128,256,128,2,1,0,7.49176903627813,68341.6690398078,0.962504670023918,263.894823485571,278.631896972656,352.0,8.0,3.96875,1,completed,,,1e796430f905978e2b3dbb4b5d2f06d57252162fcf5d806c840b5cc88c466192
10,4,baseline-a40-seed0,2,baseline,1,bf16,context256-batch2-decode128,256,128,2,2,0,7.44624016806483,68759.5334617123,0.956838603829965,265.457517060147,278.631896972656,352.0,8.0,3.96875,1,completed,,,1e796430f905978e2b3dbb4b5d2f06d57252162fcf5d806c840b5cc88c466192
11,4,baseline-a40-seed0,2,baseline,1,bf16,context256-batch2-decode128,256,128,2,3,0,7.39991711452603,69189.9641679694,0.85846308292821,295.877603884384,278.631896972656,352.0,8.0,3.96875,1,completed,,,1e796430f905978e2b3dbb4b5d2f06d57252162fcf5d806c840b5cc88c466192
12,4,baseline-a40-seed0,2,baseline,1,bf16,context256-batch2-decode128,256,128,2,4,0,6.21926481835544,82324.8430407548,0.794368461938575,319.750861432916,278.631896972656,352.0,8.0,3.96875,1,completed,,,1e796430f905978e2b3dbb4b5d2f06d57252162fcf5d806c840b5cc88c466192
13,4,baseline-a40-seed0,2,baseline,1,bf16,context256-batch4-decode128,256,128,4,0,1,,,,,,,,,1,completed,,,1e796430f905978e2b3dbb4b5d2f06d57252162fcf5d806c840b5cc88c466192
14,4,baseline-a40-seed0,2,baseline,1,bf16,context256-batch4-decode128,256,128,4,0,0,8.36055306717753,122479.935450693,0.978342304006219,519.245664753316,336.135803222656,480.0,16.0,7.9375,1,completed,,,1e796430f905978e2b3dbb4b5d2f06d57252162fcf5d806c840b5cc88c466192
15,4,baseline-a40-seed0,2,baseline,1,bf16,context256-batch4-decode128,256,128,4,1,0,7.62007990851998,134381.792880554,0.96388138900511,527.035801079574,336.135803222656,480.0,16.0,7.9375,1,completed,,,1e796430f905978e2b3dbb4b5d2f06d57252162fcf5d806c840b5cc88c466192
16,4,baseline-a40-seed0,2,baseline,1,bf16,context256-batch4-decode128,256,128,4,2,0,7.63301504775882,134154.065410976,0.859607870923355,590.967134182156,336.135803222656,480.0,16.0,7.9375,1,completed,,,1e796430f905978e2b3dbb4b5d2f06d57252162fcf5d806c840b5cc88c466192
17,4,baseline-a40-seed0,2,baseline,1,bf16,context256-batch4-decode128,256,128,4,3,0,6.42908713780344,159276.111530487,0.874786732951179,580.712967932438,336.135803222656,480.0,16.0,7.9375,1,completed,,,1e796430f905978e2b3dbb4b5d2f06d57252162fcf5d806c840b5cc88c466192
18,4,baseline-a40-seed0,2,baseline,1,bf16,context256-batch4-decode128,256,128,4,4,0,6.53055706061423,156801.324985849,0.79730345797725,637.147619162207,336.135803222656,480.0,16.0,7.9375,1,completed,,,1e796430f905978e2b3dbb4b5d2f06d57252162fcf5d806c840b5cc88c466192
19,4,baseline-a40-seed0,2,baseline,1,bf16,context256-batch8-decode128,256,128,8,0,1,,,,,,,,,1,completed,,,1e796430f905978e2b3dbb4b5d2f06d57252162fcf5d806c840b5cc88c466192
20,4,baseline-a40-seed0,2,baseline,1,bf16,context256-batch8-decode128,256,128,8,0,0,9.02224192395806,226994.57820585,0.96446452406235,1053.43428882234,451.143615722656,704.0,32.0,15.875,1,completed,,,1e796430f905978e2b3dbb4b5d2f06d57252162fcf5d806c840b5cc88c466192
21,4,baseline-a40-seed0,2,baseline,1,bf16,context256-batch8-decode128,256,128,8,1,0,8.4850899875164,241364.558656785,1.00198674807325,1013.98546632847,451.143615722656,704.0,32.0,15.875,1,completed,,,1e796430f905978e2b3dbb4b5d2f06d57252162fcf5d806c840b5cc88c466192
22,4,baseline-a40-seed0,2,baseline,1,bf16,context256-batch8-decode128,256,128,8,2,0,8.38548503816128,244231.549001616,0.953277697088197,1065.79646529379,451.143615722656,704.0,32.0,15.875,1,completed,,,1e796430f905978e2b3dbb4b5d2f06d57252162fcf5d806c840b5cc88c466192
23,4,baseline-a40-seed0,2,baseline,1,bf16,context256-batch8-decode128,256,128,8,3,0,8.29213205724955,246981.112440135,0.827234566910192,1228.1885219024,451.143615722656,704.0,32.0,15.875,1,completed,,,1e796430f905978e2b3dbb4b5d2f06d57252162fcf5d806c840b5cc88c466192
24,4,baseline-a40-seed0,2,baseline,1,bf16,context256-batch8-decode128,256,128,8,4,0,7.33104208484292,279360.011346038,0.799042373895645,1271.52205338823,451.143615722656,704.0,32.0,15.875,1,completed,,,1e796430f905978e2b3dbb4b5d2f06d57252162fcf5d806c840b5cc88c466192
25,4,baseline-a40-seed0,2,baseline,1,bf16,context896-batch1-decode128,896,128,1,0,1,,,,,,,,,1,completed,,,1e796430f905978e2b3dbb4b5d2f06d57252162fcf5d806c840b5cc88c466192
26,4,baseline-a40-seed0,2,baseline,1,bf16,context896-batch1-decode128,896,128,1,0,0,8.48877290263772,105551.180397533,0.921139334095642,137.872735751412,321.759826660156,448.0,14.0,1.984375,1,completed,,,1e796430f905978e2b3dbb4b5d2f06d57252162fcf5d806c840b5cc88c466192
27,4,baseline-a40-seed0,2,baseline,1,bf16,context896-batch1-decode128,896,128,1,1,0,7.76147306896746,115442.003346305,0.927192544098943,136.972628617738,321.759826660156,448.0,14.0,1.984375,1,completed,,,1e796430f905978e2b3dbb4b5d2f06d57252162fcf5d806c840b5cc88c466192
28,4,baseline-a40-seed0,2,baseline,1,bf16,context896-batch1-decode128,896,128,1,2,0,7.79535016044974,114940.314618055,0.924121544929221,137.427809898888,321.759826660156,448.0,14.0,1.984375,1,completed,,,1e796430f905978e2b3dbb4b5d2f06d57252162fcf5d806c840b5cc88c466192
29,4,baseline-a40-seed0,2,baseline,1,bf16,context896-batch1-decode128,896,128,1,3,0,7.71528785116971,116133.061693111,0.812872196082026,156.236122495183,321.759826660156,448.0,14.0,1.984375,1,completed,,,1e796430f905978e2b3dbb4b5d2f06d57252162fcf5d806c840b5cc88c466192
30,4,baseline-a40-seed0,2,baseline,1,bf16,context896-batch1-decode128,896,128,1,4,0,6.47525093518198,138373.015805729,0.758796954061836,167.370202687517,321.759826660156,448.0,14.0,1.984375,1,completed,,,1e796430f905978e2b3dbb4b5d2f06d57252162fcf5d806c840b5cc88c466192
31,4,baseline-a40-seed0,2,baseline,1,bf16,context896-batch2-decode128,896,128,2,0,1,,,,,,,,,1,completed,,,1e796430f905978e2b3dbb4b5d2f06d57252162fcf5d806c840b5cc88c466192
32,4,baseline-a40-seed0,2,baseline,1,bf16,context896-batch2-decode128,896,128,2,0,0,11.2986487802118,158603.036067328,0.93535541696474,271.554529319174,422.391662597656,704.0,28.0,3.96875,1,completed,,,1e796430f905978e2b3dbb4b5d2f06d57252162fcf5d806c840b5cc88c466192
33,4,baseline-a40-seed0,2,baseline,1,bf16,context896-batch2-decode128,896,128,2,1,0,8.29482497647405,216038.313657311,0.93693153001368,271.097718310634,422.391662597656,704.0,28.0,3.96875,1,completed,,,1e796430f905978e2b3dbb4b5d2f06d57252162fcf5d806c840b5cc88c466192
34,4,baseline-a40-seed0,2,baseline,1,bf16,context896-batch2-decode128,896,128,2,2,0,8.24779202230275,217270.270049763,0.930379597004503,273.00684668687,422.391662597656,704.0,28.0,3.96875,1,completed,,,1e796430f905978e2b3dbb4b5d2f06d57252162fcf5d806c840b5cc88c466192
35,4,baseline-a40-seed0,2,baseline,1,bf16,context896-batch2-decode128,896,128,2,3,0,8.35383683443069,214512.209840417,0.892921976046637,284.459344504624,422.391662597656,704.0,28.0,3.96875,1,completed,,,1e796430f905978e2b3dbb4b5d2f06d57252162fcf5d806c840b5cc88c466192
36,4,baseline-a40-seed0,2,baseline,1,bf16,context896-batch2-decode128,896,128,2,4,0,7.0622549392283,253743.31788082,0.780521555803716,325.423427593171,422.391662597656,704.0,28.0,3.96875,1,completed,,,1e796430f905978e2b3dbb4b5d2f06d57252162fcf5d806c840b5cc88c466192
37,4,baseline-a40-seed0,2,baseline,1,bf16,context896-batch4-decode128,896,128,4,0,1,,,,,,,,,1,completed,,,1e796430f905978e2b3dbb4b5d2f06d57252162fcf5d806c840b5cc88c466192
38,4,baseline-a40-seed0,2,baseline,1,bf16,context896-batch4-decode128,896,128,4,0,0,11.8138969410211,303371.530824462,0.954017567913979,532.484953197219,623.655334472656,992.0,56.0,7.9375,1,completed,,,1e796430f905978e2b3dbb4b5d2f06d57252162fcf5d806c840b5cc88c466192
39,4,baseline-a40-seed0,2,baseline,1,bf16,context896-batch4-decode128,896,128,4,1,0,11.3633279688656,315400.559573727,0.99991656281054,508.042389629117,623.655334472656,992.0,56.0,7.9375,1,completed,,,1e796430f905978e2b3dbb4b5d2f06d57252162fcf5d806c840b5cc88c466192
40,4,baseline-a40-seed0,2,baseline,1,bf16,context896-batch4-decode128,896,128,4,2,0,11.3791259936988,314962.678327372,0.954020682023838,532.483215062319,623.655334472656,992.0,56.0,7.9375,1,completed,,,1e796430f905978e2b3dbb4b5d2f06d57252162fcf5d806c840b5cc88c466192
41,4,baseline-a40-seed0,2,baseline,1,bf16,context896-batch4-decode128,896,128,4,3,0,11.3572869449854,315568.323435066,0.837080580880865,606.871084579967,623.655334472656,992.0,56.0,7.9375,1,completed,,,1e796430f905978e2b3dbb4b5d2f06d57252162fcf5d806c840b5cc88c466192
42,4,baseline-a40-seed0,2,baseline,1,bf16,context896-batch4-decode128,896,128,4,4,0,11.2649218644947,318155.779783633,0.809051798889413,627.895520036334,623.655334472656,992.0,56.0,7.9375,1,completed,,,1e796430f905978e2b3dbb4b5d2f06d57252162fcf5d806c840b5cc88c466192
43,4,baseline-a40-seed0,2,baseline,1,bf16,context896-batch8-decode128,896,128,8,0,1,,,,,,,,,1,completed,,,1e796430f905978e2b3dbb4b5d2f06d57252162fcf5d806c840b5cc88c466192
44,4,baseline-a40-seed0,2,baseline,1,bf16,context896-batch8-decode128,896,128,8,0,0,22.0612001139671,324914.327551106,0.950409454060718,1069.01293506608,1026.18267822266,1696.0,112.0,15.875,1,completed,,,1e796430f905978e2b3dbb4b5d2f06d57252162fcf5d806c840b5cc88c466192
45,4,baseline-a40-seed0,2,baseline,1,bf16,context896-batch8-decode128,896,128,8,1,0,21.6185417957604,331567.229081367,0.953191868029535,1065.89243370309,1026.18267822266,1696.0,112.0,15.875,1,completed,,,1e796430f905978e2b3dbb4b5d2f06d57252162fcf5d806c840b5cc88c466192
46,4,baseline-a40-seed0,2,baseline,1,bf16,context896-batch8-decode128,896,128,8,2,0,21.622153930366,331511.838417416,0.88630100293085,1146.33741430988,1026.18267822266,1696.0,112.0,15.875,1,completed,,,1e796430f905978e2b3dbb4b5d2f06d57252162fcf5d806c840b5cc88c466192
47,4,baseline-a40-seed0,2,baseline,1,bf16,context896-batch8-decode128,896,128,8,3,0,21.6640981379896,330869.993033791,0.799822971923277,1270.28109427377,1026.18267822266,1696.0,112.0,15.875,1,completed,,,1e796430f905978e2b3dbb4b5d2f06d57252162fcf5d806c840b5cc88c466192
48,4,baseline-a40-seed0,2,baseline,1,bf16,context896-batch8-decode128,896,128,8,4,0,21.6236298438162,331489.211190409,0.790667915949598,1284.98953796522,1026.18267822266,1696.0,112.0,15.875,1,completed,,,1e796430f905978e2b3dbb4b5d2f06d57252162fcf5d806c840b5cc88c466192
49,4,baseline-a40-seed0,2,baseline,1,bf16,context1024-batch1-decode128,1024,128,1,0,1,,,,,,,,,1,completed,,,1e796430f905978e2b3dbb4b5d2f06d57252162fcf5d806c840b5cc88c466192
50,4,baseline-a40-seed0,2,baseline,1,bf16,context1024-batch1-decode128,1024,128,1,0,0,8.11125780455768,126244.292152152,0.904944960959256,140.340026718728,336.135803222656,480.0,16.0,1.984375,1,completed,,,1e796430f905978e2b3dbb4b5d2f06d57252162fcf5d806c840b5cc88c466192
51,4,baseline-a40-seed0,2,baseline,1,bf16,context1024-batch1-decode128,1024,128,1,1,0,7.39930616691709,138391.354121605,0.89884587796405,141.292298394541,336.135803222656,480.0,16.0,1.984375,1,completed,,,1e796430f905978e2b3dbb4b5d2f06d57252162fcf5d806c840b5cc88c466192
52,4,baseline-a40-seed0,2,baseline,1,bf16,context1024-batch1-decode128,1024,128,1,2,0,7.43790087290108,137673.251835178,0.903551837895066,140.556407140803,336.135803222656,480.0,16.0,1.984375,1,completed,,,1e796430f905978e2b3dbb4b5d2f06d57252162fcf5d806c840b5cc88c466192
53,4,baseline-a40-seed0,2,baseline,1,bf16,context1024-batch1-decode128,1024,128,1,3,0,7.43122515268624,137796.928361112,0.845536773093045,150.200445493841,336.135803222656,480.0,16.0,1.984375,1,completed,,,1e796430f905978e2b3dbb4b5d2f06d57252162fcf5d806c840b5cc88c466192
54,4,baseline-a40-seed0,2,baseline,1,bf16,context1024-batch1-decode128,1024,128,1,4,0,6.36800215579569,160803.96566261,0.744892057962716,170.494501374261,336.135803222656,480.0,16.0,1.984375,1,completed,,,1e796430f905978e2b3dbb4b5d2f06d57252162fcf5d806c840b5cc88c466192
55,4,baseline-a40-seed0,2,baseline,1,bf16,context1024-batch2-decode128,1024,128,2,0,1,,,,,,,,,1,completed,,,1e796430f905978e2b3dbb4b5d2f06d57252162fcf5d806c840b5cc88c466192
56,4,baseline-a40-seed0,2,baseline,1,bf16,context1024-batch2-decode128,1024,128,2,0,0,9.17959306389093,223103.571775536,0.940975437872112,269.932656876131,451.143615722656,704.0,32.0,3.96875,1,completed,,,1e796430f905978e2b3dbb4b5d2f06d57252162fcf5d806c840b5cc88c466192
57,4,baseline-a40-seed0,2,baseline,1,bf16,context1024-batch2-decode128,1024,128,2,1,0,8.48873797804117,241260.833506442,0.949965600157157,267.378102910231,451.143615722656,704.0,32.0,3.96875,1,completed,,,1e796430f905978e2b3dbb4b5d2f06d57252162fcf5d806c840b5cc88c466192
58,4,baseline-a40-seed0,2,baseline,1,bf16,context1024-batch2-decode128,1024,128,2,2,0,8.46729800105095,241871.728117495,0.951639505801722,266.90779276341,451.143615722656,704.0,32.0,3.96875,1,completed,,,1e796430f905978e2b3dbb4b5d2f06d57252162fcf5d806c840b5cc88c466192
59,4,baseline-a40-seed0,2,baseline,1,bf16,context1024-batch2-decode128,1024,128,2,3,0,8.49026697687805,241217.385222092,0.937383644049987,270.966963859735,451.143615722656,704.0,32.0,3.96875,1,completed,,,1e796430f905978e2b3dbb4b5d2f06d57252162fcf5d806c840b5cc88c466192
60,4,baseline-a40-seed0,2,baseline,1,bf16,context1024-batch2-decode128,1024,128,2,4,0,7.40740587934852,276480.057034504,0.788487412966788,322.135770112413,451.143615722656,704.0,32.0,3.96875,1,completed,,,1e796430f905978e2b3dbb4b5d2f06d57252162fcf5d806c840b5cc88c466192
61,4,baseline-a40-seed0,2,baseline,1,bf16,context1024-batch4-decode128,1024,128,4,0,1,,,,,,,,,1,completed,,,1e796430f905978e2b3dbb4b5d2f06d57252162fcf5d806c840b5cc88c466192
62,4,baseline-a40-seed0,2,baseline,1,bf16,context1024-batch4-decode128,1024,128,4,0,0,13.9495111070573,293630.362280421,0.965034710010514,526.405936211834,681.159240722656,1152.0,64.0,7.9375,1,completed,,,1e796430f905978e2b3dbb4b5d2f06d57252162fcf5d806c840b5cc88c466192
63,4,baseline-a40-seed0,2,baseline,1,bf16,context1024-batch4-decode128,1024,128,4,1,0,13.5030541568995,303338.781908619,0.9636705678422,527.151100129048,681.159240722656,1152.0,64.0,7.9375,1,completed,,,1e796430f905978e2b3dbb4b5d2f06d57252162fcf5d806c840b5cc88c466192
64,4,baseline-a40-seed0,2,baseline,1,bf16,context1024-batch4-decode128,1024,128,4,2,0,13.5012320242822,303379.720653142,0.835286184912547,608.17478988137,681.159240722656,1152.0,64.0,7.9375,1,completed,,,1e796430f905978e2b3dbb4b5d2f06d57252162fcf5d806c840b5cc88c466192
65,4,baseline-a40-seed0,2,baseline,1,bf16,context1024-batch4-decode128,1024,128,4,3,0,13.3833179716021,306052.655155564,0.808443758869544,628.367767611123,681.159240722656,1152.0,64.0,7.9375,1,completed,,,1e796430f905978e2b3dbb4b5d2f06d57252162fcf5d806c840b5cc88c466192
66,4,baseline-a40-seed0,2,baseline,1,bf16,context1024-batch4-decode128,1024,128,4,4,0,13.398262206465,305711.288291072,0.80431656120345,631.5921174617,681.159240722656,1152.0,64.0,7.9375,1,completed,,,1e796430f905978e2b3dbb4b5d2f06d57252162fcf5d806c840b5cc88c466192
67,4,baseline-a40-seed0,2,baseline,1,bf16,context1024-batch8-decode128,1024,128,8,0,1,,,,,,,,,1,completed,,,1e796430f905978e2b3dbb4b5d2f06d57252162fcf5d806c840b5cc88c466192
68,4,baseline-a40-seed0,2,baseline,1,bf16,context1024-batch8-decode128,1024,128,8,0,0,25.3464297857136,323201.337200453,0.976309631019831,1040.65346455582,1141.19049072266,2048.0,128.0,15.875,1,completed,,,1e796430f905978e2b3dbb4b5d2f06d57252162fcf5d806c840b5cc88c466192
69,4,baseline-a40-seed0,2,baseline,1,bf16,context1024-batch8-decode128,1024,128,8,1,0,24.9424951616675,328435.465133006,0.981902980944142,1034.72544611594,1141.19049072266,2048.0,128.0,15.875,1,completed,,,1e796430f905978e2b3dbb4b5d2f06d57252162fcf5d806c840b5cc88c466192
70,4,baseline-a40-seed0,2,baseline,1,bf16,context1024-batch8-decode128,1024,128,8,2,0,24.9545620754361,328276.648383413,0.967040563002229,1050.6281110337,1141.19049072266,2048.0,128.0,15.875,1,completed,,,1e796430f905978e2b3dbb4b5d2f06d57252162fcf5d806c840b5cc88c466192
71,4,baseline-a40-seed0,2,baseline,1,bf16,context1024-batch8-decode128,1024,128,8,3,0,24.9058881308883,328918.204279584,0.820580203086138,1238.14832015067,1141.19049072266,2048.0,128.0,15.875,1,completed,,,1e796430f905978e2b3dbb4b5d2f06d57252162fcf5d806c840b5cc88c466192
72,4,baseline-a40-seed0,2,baseline,1,bf16,context1024-batch8-decode128,1024,128,8,4,0,24.9294149689376,328607.79164723,0.816271149087697,1244.68444233945,1141.19049072266,2048.0,128.0,15.875,1,completed,,,1e796430f905978e2b3dbb4b5d2f06d57252162fcf5d806c840b5cc88c466192
73,4,baseline-a40-seed0,2,baseline,1,bf16,context1536-batch1-decode128,1536,128,1,0,1,,,,,,,,,1,completed,,,1e796430f905978e2b3dbb4b5d2f06d57252162fcf5d806c840b5cc88c466192
74,4,baseline-a40-seed0,2,baseline,1,bf16,context1536-batch1-decode128,1536,128,1,0,0,7.76827801018953,197727.218050803,0.788032973883674,161.160768913138,393.639709472656,608.0,24.0,1.984375,1,completed,,,1e796430f905978e2b3dbb4b5d2f06d57252162fcf5d806c840b5cc88c466192
75,4,baseline-a40-seed0,2,baseline,1,bf16,context1536-batch1-decode128,1536,128,1,1,0,7.21536390483379,212879.07585243,0.789946947013959,160.77029030882,393.639709472656,608.0,24.0,1.984375,1,completed,,,1e796430f905978e2b3dbb4b5d2f06d57252162fcf5d806c840b5cc88c466192
76,4,baseline-a40-seed0,2,baseline,1,bf16,context1536-batch1-decode128,1536,128,1,2,0,7.19801289960742,213392.226635739,0.792828138917685,160.186040033054,393.639709472656,608.0,24.0,1.984375,1,completed,,,1e796430f905978e2b3dbb4b5d2f06d57252162fcf5d806c840b5cc88c466192
77,4,baseline-a40-seed0,2,baseline,1,bf16,context1536-batch1-decode128,1536,128,1,3,0,7.25933397188783,211589.659044238,0.792655863799155,160.220854724137,393.639709472656,608.0,24.0,1.984375,1,completed,,,1e796430f905978e2b3dbb4b5d2f06d57252162fcf5d806c840b5cc88c466192
78,4,baseline-a40-seed0,2,baseline,1,bf16,context1536-batch1-decode128,1536,128,1,4,0,7.20623391680419,213148.784473705,0.789152404060587,160.932158790268,393.639709472656,608.0,24.0,1.984375,1,completed,,,1e796430f905978e2b3dbb4b5d2f06d57252162fcf5d806c840b5cc88c466192
79,4,baseline-a40-seed0,2,baseline,1,bf16,context1536-batch2-decode128,1536,128,2,0,1,,,,,,,,,1,completed,,,1e796430f905978e2b3dbb4b5d2f06d57252162fcf5d806c840b5cc88c466192
80,4,baseline-a40-seed0,2,baseline,1,bf16,context1536-batch2-decode128,1536,128,2,0,0,11.8324749637395,259624.466513904,0.95060259802267,267.19893310658,566.151428222656,896.0,48.0,3.96875,1,completed,,,1e796430f905978e2b3dbb4b5d2f06d57252162fcf5d806c840b5cc88c466192
81,4,baseline-a40-seed0,2,baseline,1,bf16,context1536-batch2-decode128,1536,128,2,1,0,11.4043299108744,269371.372453085,0.955983799882233,265.694878962687,566.151428222656,896.0,48.0,3.96875,1,completed,,,1e796430f905978e2b3dbb4b5d2f06d57252162fcf5d806c840b5cc88c466192
82,4,baseline-a40-seed0,2,baseline,1,bf16,context1536-batch2-decode128,1536,128,2,2,0,11.4146801643074,269127.120145325,0.946090552024543,268.473244401885,566.151428222656,896.0,48.0,3.96875,1,completed,,,1e796430f905978e2b3dbb4b5d2f06d57252162fcf5d806c840b5cc88c466192
83,4,baseline-a40-seed0,2,baseline,1,bf16,context1536-batch2-decode128,1536,128,2,3,0,11.3959370646626,269569.758289198,0.935342198936269,271.558366861738,566.151428222656,896.0,48.0,3.96875,1,completed,,,1e796430f905978e2b3dbb4b5d2f06d57252162fcf5d806c840b5cc88c466192
84,4,baseline-a40-seed0,2,baseline,1,bf16,context1536-batch2-decode128,1536,128,2,4,0,11.4025298971683,269413.895662129,0.836239171912894,303.740853730848,566.151428222656,896.0,48.0,3.96875,1,completed,,,1e796430f905978e2b3dbb4b5d2f06d57252162fcf5d806c840b5cc88c466192
85,4,baseline-a40-seed0,2,baseline,1,bf16,context1536-batch4-decode128,1536,128,4,0,1,,,,,,,,,1,completed,,,1e796430f905978e2b3dbb4b5d2f06d57252162fcf5d806c840b5cc88c466192
86,4,baseline-a40-seed0,2,baseline,1,bf16,context1536-batch4-decode128,1536,128,4,0,0,20.8592801354825,294545.159760753,0.807672630995512,628.967703627465,911.174865722656,1504.0,96.0,7.9375,1,completed,,,1e796430f905978e2b3dbb4b5d2f06d57252162fcf5d806c840b5cc88c466192
87,4,baseline-a40-seed0,2,baseline,1,bf16,context1536-batch4-decode128,1536,128,4,1,0,20.4348838888109,300662.339626219,0.805228854063898,630.876548246106,911.174865722656,1504.0,96.0,7.9375,1,completed,,,1e796430f905978e2b3dbb4b5d2f06d57252162fcf5d806c840b5cc88c466192
88,4,baseline-a40-seed0,2,baseline,1,bf16,context1536-batch4-decode128,1536,128,4,2,0,20.4567038454115,300341.640883563,0.806541771162301,629.849585183821,911.174865722656,1504.0,96.0,7.9375,1,completed,,,1e796430f905978e2b3dbb4b5d2f06d57252162fcf5d806c840b5cc88c466192
89,4,baseline-a40-seed0,2,baseline,1,bf16,context1536-batch4-decode128,1536,128,4,3,0,20.4216260462999,300857.531426259,0.810341018950567,626.896563446691,911.174865722656,1504.0,96.0,7.9375,1,completed,,,1e796430f905978e2b3dbb4b5d2f06d57252162fcf5d806c840b5cc88c466192
90,4,baseline-a40-seed0,2,baseline,1,bf16,context1536-batch4-decode128,1536,128,4,4,0,20.4496351070702,300445.458700424,0.808485718909651,628.335155610546,911.174865722656,1504.0,96.0,7.9375,1,completed,,,1e796430f905978e2b3dbb4b5d2f06d57252162fcf5d806c840b5cc88c466192
91,4,baseline-a40-seed0,2,baseline,1,bf16,context1536-batch8-decode128,1536,128,8,0,1,,,,,,,,,1,completed,,,1e796430f905978e2b3dbb4b5d2f06d57252162fcf5d806c840b5cc88c466192
92,4,baseline-a40-seed0,2,baseline,1,bf16,context1536-batch8-decode128,1536,128,8,0,0,39.3390702083707,312361.220916333,0.818457322893664,1241.35977720612,1601.22174072266,2944.0,192.0,15.875,1,completed,,,1e796430f905978e2b3dbb4b5d2f06d57252162fcf5d806c840b5cc88c466192
93,4,baseline-a40-seed0,2,baseline,1,bf16,context1536-batch8-decode128,1536,128,8,1,0,38.9343888964504,315607.881574334,0.825232292991132,1231.16849477305,1601.22174072266,2944.0,192.0,15.875,1,completed,,,1e796430f905978e2b3dbb4b5d2f06d57252162fcf5d806c840b5cc88c466192
94,4,baseline-a40-seed0,2,baseline,1,bf16,context1536-batch8-decode128,1536,128,8,2,0,38.914788980037,315766.841400673,0.825382824987173,1230.94395623726,1601.22174072266,2944.0,192.0,15.875,1,completed,,,1e796430f905978e2b3dbb4b5d2f06d57252162fcf5d806c840b5cc88c466192
95,4,baseline-a40-seed0,2,baseline,1,bf16,context1536-batch8-decode128,1536,128,8,3,0,38.9345188159496,315606.828431284,0.824499770998955,1232.26231921087,1601.22174072266,2944.0,192.0,15.875,1,completed,,,1e796430f905978e2b3dbb4b5d2f06d57252162fcf5d806c840b5cc88c466192
96,4,baseline-a40-seed0,2,baseline,1,bf16,context1536-batch8-decode128,1536,128,8,4,0,38.9532728586346,315454.879609074,0.82307242997922,1234.39926183125,1601.22174072266,2944.0,192.0,15.875,1,completed,,,1e796430f905978e2b3dbb4b5d2f06d57252162fcf5d806c840b5cc88c466192
97,77,confirmation-exp68-seeds012-20260725,3,confirmation,2,bf16,context256-batch1-decode128,256,128,1,0,1,,,,,,,,,1,completed,,,1e796430f905978e2b3dbb4b5d2f06d57252162fcf5d806c840b5cc88c466192
98,77,confirmation-exp68-seeds012-20260725,3,confirmation,2,bf16,context256-batch1-decode128,256,128,1,0,0,8.18745302967727,31267.3549481225,0.939891380025074,135.121996753084,249.879943847656,288.0,4.0,1.984375,1,completed,,,1e796430f905978e2b3dbb4b5d2f06d57252162fcf5d806c840b5cc88c466192
99,77,confirmation-exp68-seeds012-20260725,3,confirmation,2,bf16,context256-batch1-decode128,256,128,1,1,0,7.41652306169271,34517.5222770185,0.936876736115664,135.556786826139,249.879943847656,288.0,4.0,1.984375,1,completed,,,1e796430f905978e2b3dbb4b5d2f06d57252162fcf5d806c840b5cc88c466192
100,77,confirmation-exp68-seeds012-20260725,3,confirmation,2,bf16,context256-batch1-decode128,256,128,1,2,0,7.41289486177266,34534.4166851953,0.937108553014696,135.523253513628,249.879943847656,288.0,4.0,1.984375,1,completed,,,1e796430f905978e2b3dbb4b5d2f06d57252162fcf5d806c840b5cc88c466192
101,77,confirmation-exp68-seeds012-20260725,3,confirmation,2,bf16,context256-batch1-decode128,256,128,1,3,0,7.48204602859914,34215.2399252121,0.923668781062588,137.495174248392,249.879943847656,288.0,4.0,1.984375,1,completed,,,1e796430f905978e2b3dbb4b5d2f06d57252162fcf5d806c840b5cc88c466192
102,77,confirmation-exp68-seeds012-20260725,3,confirmation,2,bf16,context256-batch1-decode128,256,128,1,4,0,6.33975397795439,40380.1158357571,0.79270515195094,160.210892647081,249.879943847656,288.0,4.0,1.984375,1,completed,,,1e796430f905978e2b3dbb4b5d2f06d57252162fcf5d806c840b5cc88c466192
103,77,confirmation-exp68-seeds012-20260725,3,confirmation,2,bf16,context256-batch2-decode128,256,128,2,-1,0,,,,,,,,,,failed,"Traceback (most recent call last):
  File ""/workspace/autopareto/deployment_benchmark.py"", line 143, in <module>
    raise SystemExit(main())
  File ""/workspace/autopareto/deployment_benchmark.py"", line 99, in main
    correctness = check_cached_correctness(
  File ""/workspace/autopareto/.venv/lib/python3.10/site-packages/torch/utils/_contextlib.py"", line 120, in decorate_context
    return func(*args, **kwargs)
  File ""/workspace/autopareto/protected/inference_adapter.py"", line 261, in check_cached_correctness
    raise RuntimeError(
RuntimeError: cached/full correctness failed: greedy_tokens_match=True mean_logits_match=False max_mean_abs_error=0.0497107 max_abs_error=0.138619",,
104,77,confirmation-exp68-seeds012-20260725,3,confirmation,2,bf16,context256-batch4-decode128,256,128,4,-1,0,,,,,,,,,,failed,"Traceback (most recent call last):
  File ""/workspace/autopareto/deployment_benchmark.py"", line 143, in <module>
    raise SystemExit(main())
  File ""/workspace/autopareto/deployment_benchmark.py"", line 99, in main
    correctness = check_cached_correctness(
  File ""/workspace/autopareto/.venv/lib/python3.10/site-packages/torch/utils/_contextlib.py"", line 120, in decorate_context
    return func(*args, **kwargs)
  File ""/workspace/autopareto/protected/inference_adapter.py"", line 261, in check_cached_correctness
    raise RuntimeError(
RuntimeError: cached/full correctness failed: greedy_tokens_match=True mean_logits_match=False max_mean_abs_error=0.0497107 max_abs_error=0.138619",,
105,77,confirmation-exp68-seeds012-20260725,3,confirmation,2,bf16,context256-batch8-decode128,256,128,8,-1,0,,,,,,,,,,failed,"Traceback (most recent call last):
  File ""/workspace/autopareto/deployment_benchmark.py"", line 143, in <module>
    raise SystemExit(main())
  File ""/workspace/autopareto/deployment_benchmark.py"", line 99, in main
    correctness = check_cached_correctness(
  File ""/workspace/autopareto/.venv/lib/python3.10/site-packages/torch/utils/_contextlib.py"", line 120, in decorate_context
    return func(*args, **kwargs)
  File ""/workspace/autopareto/protected/inference_adapter.py"", line 261, in check_cached_correctness
    raise RuntimeError(
RuntimeError: cached/full correctness failed: greedy_tokens_match=True mean_logits_match=False max_mean_abs_error=0.0367324 max_abs_error=0.140236",,
106,77,confirmation-exp68-seeds012-20260725,3,confirmation,2,bf16,context896-batch1-decode128,896,128,1,0,1,,,,,,,,,1,completed,,,1e796430f905978e2b3dbb4b5d2f06d57252162fcf5d806c840b5cc88c466192
107,77,confirmation-exp68-seeds012-20260725,3,confirmation,2,bf16,context896-batch1-decode128,896,128,1,0,0,7.49824894592166,119494.565526174,0.794426335021853,159.863783967467,321.759826660156,448.0,14.0,1.984375,1,completed,,,1e796430f905978e2b3dbb4b5d2f06d57252162fcf5d806c840b5cc88c466192
108,77,confirmation-exp68-seeds012-20260725,3,confirmation,2,bf16,context896-batch1-decode128,896,128,1,1,0,6.65582786314189,134618.866116084,0.794188049156219,159.911749030888,321.759826660156,448.0,14.0,1.984375,1,completed,,,1e796430f905978e2b3dbb4b5d2f06d57252162fcf5d806c840b5cc88c466192
109,77,confirmation-exp68-seeds012-20260725,3,confirmation,2,bf16,context896-batch1-decode128,896,128,1,2,0,6.75701908767223,132602.851697533,0.790583027061075,160.64093922192,321.759826660156,448.0,14.0,1.984375,1,completed,,,1e796430f905978e2b3dbb4b5d2f06d57252162fcf5d806c840b5cc88c466192
110,77,confirmation-exp68-seeds012-20260725,3,confirmation,2,bf16,context896-batch1-decode128,896,128,1,3,0,6.82782800868154,131227.675749996,0.79601723398082,159.544284443294,321.759826660156,448.0,14.0,1.984375,1,completed,,,1e796430f905978e2b3dbb4b5d2f06d57252162fcf5d806c840b5cc88c466192
111,77,confirmation-exp68-seeds012-20260725,3,confirmation,2,bf16,context896-batch1-decode128,896,128,1,4,0,6.85849599540234,130640.886952568,0.808016870869324,157.174936042318,321.759826660156,448.0,14.0,1.984375,1,completed,,,1e796430f905978e2b3dbb4b5d2f06d57252162fcf5d806c840b5cc88c466192
112,77,confirmation-exp68-seeds012-20260725,3,confirmation,2,bf16,context896-batch2-decode128,896,128,2,0,1,,,,,,,,,1,completed,,,1e796430f905978e2b3dbb4b5d2f06d57252162fcf5d806c840b5cc88c466192
113,77,confirmation-exp68-seeds012-20260725,3,confirmation,2,bf16,context896-batch2-decode128,896,128,2,0,0,9.0564398560673,197870.247964984,0.956769811920822,265.476603499923,422.391662597656,704.0,28.0,3.96875,1,completed,,,1e796430f905978e2b3dbb4b5d2f06d57252162fcf5d806c840b5cc88c466192
114,77,confirmation-exp68-seeds012-20260725,3,confirmation,2,bf16,context896-batch2-decode128,896,128,2,1,0,8.40852502733469,213117.044211025,0.974060259992257,260.764154367636,422.391662597656,704.0,28.0,3.96875,1,completed,,,1e796430f905978e2b3dbb4b5d2f06d57252162fcf5d806c840b5cc88c466192
115,77,confirmation-exp68-seeds012-20260725,3,confirmation,2,bf16,context896-batch2-decode128,896,128,2,2,0,8.43909219838679,212345.114601611,0.962176445871592,263.984845076843,422.391662597656,704.0,28.0,3.96875,1,completed,,,1e796430f905978e2b3dbb4b5d2f06d57252162fcf5d806c840b5cc88c466192
116,77,confirmation-exp68-seeds012-20260725,3,confirmation,2,bf16,context896-batch2-decode128,896,128,2,3,0,8.43011797405779,212571.165138443,0.941141698043793,269.88497112385,422.391662597656,704.0,28.0,3.96875,1,completed,,,1e796430f905978e2b3dbb4b5d2f06d57252162fcf5d806c840b5cc88c466192
117,77,confirmation-exp68-seeds012-20260725,3,confirmation,2,bf16,context896-batch2-decode128,896,128,2,4,0,7.36140692606568,243431.726842159,0.822162110125646,308.941505418174,422.391662597656,704.0,28.0,3.96875,1,completed,,,1e796430f905978e2b3dbb4b5d2f06d57252162fcf5d806c840b5cc88c466192
118,77,confirmation-exp68-seeds012-20260725,3,confirmation,2,bf16,context896-batch4-decode128,896,128,4,0,1,,,,,,,,,1,completed,,,1e796430f905978e2b3dbb4b5d2f06d57252162fcf5d806c840b5cc88c466192
119,77,confirmation-exp68-seeds012-20260725,3,confirmation,2,bf16,context896-batch4-decode128,896,128,4,0,0,11.7168978322297,305883.011981335,0.786594413919374,645.822028494687,623.655334472656,1024.0,56.0,7.9375,1,completed,,,1e796430f905978e2b3dbb4b5d2f06d57252162fcf5d806c840b5cc88c466192
120,77,confirmation-exp68-seeds012-20260725,3,confirmation,2,bf16,context896-batch4-decode128,896,128,4,1,0,11.2821250222623,317670.65095697,0.793539683101699,640.169623293931,623.655334472656,1024.0,56.0,7.9375,1,completed,,,1e796430f905978e2b3dbb4b5d2f06d57252162fcf5d806c840b5cc88c466192
121,77,confirmation-exp68-seeds012-20260725,3,confirmation,2,bf16,context896-batch4-decode128,896,128,4,2,0,11.2756639719009,317852.678913753,0.788832123856992,643.990000706533,623.655334472656,1024.0,56.0,7.9375,1,completed,,,1e796430f905978e2b3dbb4b5d2f06d57252162fcf5d806c840b5cc88c466192
122,77,confirmation-exp68-seeds012-20260725,3,confirmation,2,bf16,context896-batch4-decode128,896,128,4,3,0,11.2213480751961,319391.215385443,0.785435209982097,646.775180872753,623.655334472656,1024.0,56.0,7.9375,1,completed,,,1e796430f905978e2b3dbb4b5d2f06d57252162fcf5d806c840b5cc88c466192
123,77,confirmation-exp68-seeds012-20260725,3,confirmation,2,bf16,context896-batch4-decode128,896,128,4,4,0,11.2587912008166,318329.022723154,0.796578695066273,637.727324552329,623.655334472656,1024.0,56.0,7.9375,1,completed,,,1e796430f905978e2b3dbb4b5d2f06d57252162fcf5d806c840b5cc88c466192
124,77,confirmation-exp68-seeds012-20260725,3,confirmation,2,bf16,context896-batch8-decode128,896,128,8,0,1,,,,,,,,,1,completed,,,1e796430f905978e2b3dbb4b5d2f06d57252162fcf5d806c840b5cc88c466192
125,77,confirmation-exp68-seeds012-20260725,3,confirmation,2,bf16,context896-batch8-decode128,896,128,8,0,0,22.0513581298292,325059.343637603,0.964447899954394,1053.45244678126,1026.18267822266,1696.0,112.0,15.875,1,completed,,,1e796430f905978e2b3dbb4b5d2f06d57252162fcf5d806c840b5cc88c466192
126,77,confirmation-exp68-seeds012-20260725,3,confirmation,2,bf16,context896-batch8-decode128,896,128,8,1,0,21.682940190658,330582.473454791,0.971776020014659,1045.50840839299,1026.18267822266,1696.0,112.0,15.875,1,completed,,,1e796430f905978e2b3dbb4b5d2f06d57252162fcf5d806c840b5cc88c466192
127,77,confirmation-exp68-seeds012-20260725,3,confirmation,2,bf16,context896-batch8-decode128,896,128,8,2,0,21.6284680645913,331415.05808888,0.855412432923913,1187.73115855609,1026.18267822266,1696.0,112.0,15.875,1,completed,,,1e796430f905978e2b3dbb4b5d2f06d57252162fcf5d806c840b5cc88c466192
128,77,confirmation-exp68-seeds012-20260725,3,confirmation,2,bf16,context896-batch8-decode128,896,128,8,3,0,21.690305089578,330470.224849172,0.825178623897955,1231.24856918936,1026.18267822266,1696.0,112.0,15.875,1,completed,,,1e796430f905978e2b3dbb4b5d2f06d57252162fcf5d806c840b5cc88c466192
129,77,confirmation-exp68-seeds012-20260725,3,confirmation,2,bf16,context896-batch8-decode128,896,128,8,4,0,21.6498519293964,331087.714750936,0.826188931008801,1229.7429339309,1026.18267822266,1696.0,112.0,15.875,1,completed,,,1e796430f905978e2b3dbb4b5d2f06d57252162fcf5d806c840b5cc88c466192
130,77,confirmation-exp68-seeds012-20260725,3,confirmation,2,bf16,context1024-batch1-decode128,1024,128,1,0,1,,,,,,,,,1,completed,,,1e796430f905978e2b3dbb4b5d2f06d57252162fcf5d806c840b5cc88c466192
131,77,confirmation-exp68-seeds012-20260725,3,confirmation,2,bf16,context1024-batch1-decode128,1024,128,1,0,0,8.43812897801399,121353.91656943,0.930055195000023,136.551035554397,336.135803222656,480.0,16.0,1.984375,1,completed,,,1e796430f905978e2b3dbb4b5d2f06d57252162fcf5d806c840b5cc88c466192
132,77,confirmation-exp68-seeds012-20260725,3,confirmation,2,bf16,context1024-batch1-decode128,1024,128,1,1,0,7.68890604376793,133178.893612568,0.918081468902528,138.331950161041,336.135803222656,480.0,16.0,1.984375,1,completed,,,1e796430f905978e2b3dbb4b5d2f06d57252162fcf5d806c840b5cc88c466192
133,77,confirmation-exp68-seeds012-20260725,3,confirmation,2,bf16,context1024-batch1-decode128,1024,128,1,2,0,7.57620297372341,135160.053598293,0.796314586885273,159.484708796747,336.135803222656,480.0,16.0,1.984375,1,completed,,,1e796430f905978e2b3dbb4b5d2f06d57252162fcf5d806c840b5cc88c466192
134,77,confirmation-exp68-seeds012-20260725,3,confirmation,2,bf16,context1024-batch1-decode128,1024,128,1,3,0,6.63349009118974,154368.211291975,0.779108369955793,163.006848466031,336.135803222656,480.0,16.0,1.984375,1,completed,,,1e796430f905978e2b3dbb4b5d2f06d57252162fcf5d806c840b5cc88c466192
135,77,confirmation-exp68-seeds012-20260725,3,confirmation,2,bf16,context1024-batch1-decode128,1024,128,1,4,0,6.5545211546123,156228.041049105,0.774165851995349,164.047535386207,336.135803222656,480.0,16.0,1.984375,1,completed,,,1e796430f905978e2b3dbb4b5d2f06d57252162fcf5d806c840b5cc88c466192
136,77,confirmation-exp68-seeds012-20260725,3,confirmation,2,bf16,context1024-batch2-decode128,1024,128,2,-1,0,,,,,,,,,,failed,"Traceback (most recent call last):
  File ""/workspace/autopareto/deployment_benchmark.py"", line 143, in <module>
    raise SystemExit(main())
  File ""/workspace/autopareto/deployment_benchmark.py"", line 99, in main
    correctness = check_cached_correctness(
  File ""/workspace/autopareto/.venv/lib/python3.10/site-packages/torch/utils/_contextlib.py"", line 120, in decorate_context
    return func(*args, **kwargs)
  File ""/workspace/autopareto/protected/inference_adapter.py"", line 261, in check_cached_correctness
    raise RuntimeError(
RuntimeError: cached/full correctness failed: greedy_tokens_match=True mean_logits_match=False max_mean_abs_error=0.0374541 max_abs_error=0.130558",,
137,77,confirmation-exp68-seeds012-20260725,3,confirmation,2,bf16,context1024-batch4-decode128,1024,128,4,-1,0,,,,,,,,,,failed,"Traceback (most recent call last):
  File ""/workspace/autopareto/deployment_benchmark.py"", line 143, in <module>
    raise SystemExit(main())
  File ""/workspace/autopareto/deployment_benchmark.py"", line 99, in main
    correctness = check_cached_correctness(
  File ""/workspace/autopareto/.venv/lib/python3.10/site-packages/torch/utils/_contextlib.py"", line 120, in decorate_context
    return func(*args, **kwargs)
  File ""/workspace/autopareto/protected/inference_adapter.py"", line 261, in check_cached_correctness
    raise RuntimeError(
RuntimeError: cached/full correctness failed: greedy_tokens_match=True mean_logits_match=False max_mean_abs_error=0.0374541 max_abs_error=0.130558",,
138,77,confirmation-exp68-seeds012-20260725,3,confirmation,2,bf16,context1024-batch8-decode128,1024,128,8,-1,0,,,,,,,,,,failed,"Traceback (most recent call last):
  File ""/workspace/autopareto/deployment_benchmark.py"", line 143, in <module>
    raise SystemExit(main())
  File ""/workspace/autopareto/deployment_benchmark.py"", line 99, in main
    correctness = check_cached_correctness(
  File ""/workspace/autopareto/.venv/lib/python3.10/site-packages/torch/utils/_contextlib.py"", line 120, in decorate_context
    return func(*args, **kwargs)
  File ""/workspace/autopareto/protected/inference_adapter.py"", line 261, in check_cached_correctness
    raise RuntimeError(
RuntimeError: cached/full correctness failed: greedy_tokens_match=True mean_logits_match=False max_mean_abs_error=0.0325808 max_abs_error=0.121071",,
139,77,confirmation-exp68-seeds012-20260725,3,confirmation,2,bf16,context1536-batch1-decode128,1536,128,1,0,1,,,,,,,,,1,completed,,,1e796430f905978e2b3dbb4b5d2f06d57252162fcf5d806c840b5cc88c466192
140,77,confirmation-exp68-seeds012-20260725,3,confirmation,2,bf16,context1536-batch1-decode128,1536,128,1,0,0,8.89882794581354,172607.000534561,0.92329982900992,137.55011753461,393.639709472656,608.0,24.0,1.984375,1,completed,,,1e796430f905978e2b3dbb4b5d2f06d57252162fcf5d806c840b5cc88c466192
141,77,confirmation-exp68-seeds012-20260725,3,confirmation,2,bf16,context1536-batch1-decode128,1536,128,1,1,0,8.2394618075341,186419.942937959,0.928337383782491,136.803711903254,393.639709472656,608.0,24.0,1.984375,1,completed,,,1e796430f905978e2b3dbb4b5d2f06d57252162fcf5d806c840b5cc88c466192
142,77,confirmation-exp68-seeds012-20260725,3,confirmation,2,bf16,context1536-batch1-decode128,1536,128,1,2,0,8.20244406349957,187261.258730811,0.836946788011119,151.742024486165,393.639709472656,608.0,24.0,1.984375,1,completed,,,1e796430f905978e2b3dbb4b5d2f06d57252162fcf5d806c840b5cc88c466192
143,77,confirmation-exp68-seeds012-20260725,3,confirmation,2,bf16,context1536-batch1-decode128,1536,128,1,3,0,7.20535591244698,213174.757592004,0.782068721950054,162.389821297713,393.639709472656,608.0,24.0,1.984375,1,completed,,,1e796430f905978e2b3dbb4b5d2f06d57252162fcf5d806c840b5cc88c466192
144,77,confirmation-exp68-seeds012-20260725,3,confirmation,2,bf16,context1536-batch1-decode128,1536,128,1,4,0,7.2183629963547,212790.628675184,0.782144149998203,162.37416082482,393.639709472656,608.0,24.0,1.984375,1,completed,,,1e796430f905978e2b3dbb4b5d2f06d57252162fcf5d806c840b5cc88c466192
145,77,confirmation-exp68-seeds012-20260725,3,confirmation,2,bf16,context1536-batch2-decode128,1536,128,2,0,1,,,,,,,,,1,completed,,,1e796430f905978e2b3dbb4b5d2f06d57252162fcf5d806c840b5cc88c466192
146,77,confirmation-exp68-seeds012-20260725,3,confirmation,2,bf16,context1536-batch2-decode128,1536,128,2,0,0,11.8821871001273,258538.261863178,0.962779975961894,263.819363033837,566.151428222656,960.0,48.0,3.96875,1,completed,,,1e796430f905978e2b3dbb4b5d2f06d57252162fcf5d806c840b5cc88c466192
147,77,confirmation-exp68-seeds012-20260725,3,confirmation,2,bf16,context1536-batch2-decode128,1536,128,2,1,0,11.4572029560804,268128.269332059,0.97024541394785,261.789436310237,566.151428222656,960.0,48.0,3.96875,1,completed,,,1e796430f905978e2b3dbb4b5d2f06d57252162fcf5d806c840b5cc88c466192
148,77,confirmation-exp68-seeds012-20260725,3,confirmation,2,bf16,context1536-batch2-decode128,1536,128,2,2,0,11.3584608770907,270459.178689961,0.814660566160455,311.786295483918,566.151428222656,960.0,48.0,3.96875,1,completed,,,1e796430f905978e2b3dbb4b5d2f06d57252162fcf5d806c840b5cc88c466192
149,77,confirmation-exp68-seeds012-20260725,3,confirmation,2,bf16,context1536-batch2-decode128,1536,128,2,3,0,11.3179290201515,271427.749240194,0.808902607997879,314.005663337738,566.151428222656,960.0,48.0,3.96875,1,completed,,,1e796430f905978e2b3dbb4b5d2f06d57252162fcf5d806c840b5cc88c466192
150,77,confirmation-exp68-seeds012-20260725,3,confirmation,2,bf16,context1536-batch2-decode128,1536,128,2,4,0,11.3301351666451,271135.335529245,0.810160615015775,313.51807936881,566.151428222656,960.0,48.0,3.96875,1,completed,,,1e796430f905978e2b3dbb4b5d2f06d57252162fcf5d806c840b5cc88c466192
151,77,confirmation-exp68-seeds012-20260725,3,confirmation,2,bf16,context1536-batch4-decode128,1536,128,4,0,1,,,,,,,,,1,completed,,,1e796430f905978e2b3dbb4b5d2f06d57252162fcf5d806c840b5cc88c466192
152,77,confirmation-exp68-seeds012-20260725,3,confirmation,2,bf16,context1536-batch4-decode128,1536,128,4,0,0,20.870323991403,294389.296617095,0.967997228028253,524.794891236169,911.174865722656,1504.0,96.0,7.9375,1,completed,,,1e796430f905978e2b3dbb4b5d2f06d57252162fcf5d806c840b5cc88c466192
153,77,confirmation-exp68-seeds012-20260725,3,confirmation,2,bf16,context1536-batch4-decode128,1536,128,4,1,0,20.5162419006228,299470.050595059,0.965349125908688,526.234484878015,911.174865722656,1504.0,96.0,7.9375,1,completed,,,1e796430f905978e2b3dbb4b5d2f06d57252162fcf5d806c840b5cc88c466192
154,77,confirmation-exp68-seeds012-20260725,3,confirmation,2,bf16,context1536-batch4-decode128,1536,128,4,2,0,20.487240049988,299893.982059511,0.963919474044815,527.014977577247,911.174865722656,1504.0,96.0,7.9375,1,completed,,,1e796430f905978e2b3dbb4b5d2f06d57252162fcf5d806c840b5cc88c466192
155,77,confirmation-exp68-seeds012-20260725,3,confirmation,2,bf16,context1536-batch4-decode128,1536,128,4,3,0,20.5034990794957,299656.169719063,0.834419918013737,608.806176642151,911.174865722656,1504.0,96.0,7.9375,1,completed,,,1e796430f905978e2b3dbb4b5d2f06d57252162fcf5d806c840b5cc88c466192
156,77,confirmation-exp68-seeds012-20260725,3,confirmation,2,bf16,context1536-batch4-decode128,1536,128,4,4,0,20.4157892148942,300943.545964791,0.808044468052685,628.678272155287,911.174865722656,1504.0,96.0,7.9375,1,completed,,,1e796430f905978e2b3dbb4b5d2f06d57252162fcf5d806c840b5cc88c466192
157,77,confirmation-exp68-seeds012-20260725,3,confirmation,2,bf16,context1536-batch8-decode128,1536,128,8,0,1,,,,,,,,,1,completed,,,1e796430f905978e2b3dbb4b5d2f06d57252162fcf5d806c840b5cc88c466192
158,77,confirmation-exp68-seeds012-20260725,3,confirmation,2,bf16,context1536-batch8-decode128,1536,128,8,0,0,39.3122709356248,312574.158336516,0.951961784157902,1067.26973383574,1601.22174072266,2944.0,192.0,15.875,1,completed,,,1e796430f905978e2b3dbb4b5d2f06d57252162fcf5d806c840b5cc88c466192
159,77,confirmation-exp68-seeds012-20260725,3,confirmation,2,bf16,context1536-batch8-decode128,1536,128,8,1,0,38.9377840328962,315580.362498765,0.954010735964403,1064.97753295505,1601.22174072266,2944.0,192.0,15.875,1,completed,,,1e796430f905978e2b3dbb4b5d2f06d57252162fcf5d806c840b5cc88c466192
160,77,confirmation-exp68-seeds012-20260725,3,confirmation,2,bf16,context1536-batch8-decode128,1536,128,8,2,0,38.9516709838063,315467.852588625,0.854521567001939,1188.96940607901,1601.22174072266,2944.0,192.0,15.875,1,completed,,,1e796430f905978e2b3dbb4b5d2f06d57252162fcf5d806c840b5cc88c466192
161,77,confirmation-exp68-seeds012-20260725,3,confirmation,2,bf16,context1536-batch8-decode128,1536,128,8,3,0,38.9451070223004,315521.022781213,0.814963405020535,1246.68174514462,1601.22174072266,2944.0,192.0,15.875,1,completed,,,1e796430f905978e2b3dbb4b5d2f06d57252162fcf5d806c840b5cc88c466192
162,77,confirmation-exp68-seeds012-20260725,3,confirmation,2,bf16,context1536-batch8-decode128,1536,128,8,4,0,38.932970026508,315619.38356189,0.811173512833193,1252.50637986367,1601.22174072266,2944.0,192.0,15.875,1,completed,,,1e796430f905978e2b3dbb4b5d2f06d57252162fcf5d806c840b5cc88c466192
163,80,ablation-batch-only-seeds012-20260725,3,ablation,2,bf16,context256-batch1-decode128,256,128,1,0,1,,,,,,,,,1,completed,,,1e796430f905978e2b3dbb4b5d2f06d57252162fcf5d806c840b5cc88c466192
164,80,ablation-batch-only-seeds012-20260725,3,ablation,2,bf16,context256-batch1-decode128,256,128,1,0,0,8.16684798337519,31346.2428247869,0.962343181949109,131.969553463014,249.879943847656,288.0,4.0,1.984375,1,completed,,,1e796430f905978e2b3dbb4b5d2f06d57252162fcf5d806c840b5cc88c466192
165,80,ablation-batch-only-seeds012-20260725,3,ablation,2,bf16,context256-batch1-decode128,256,128,1,1,0,7.37948599271476,34690.7630494496,0.95322132203728,133.232437277597,249.879943847656,288.0,4.0,1.984375,1,completed,,,1e796430f905978e2b3dbb4b5d2f06d57252162fcf5d806c840b5cc88c466192
166,80,ablation-batch-only-seeds012-20260725,3,ablation,2,bf16,context256-batch1-decode128,256,128,1,2,0,7.31775583699346,34983.4027948627,0.876174179138616,144.948348198136,249.879943847656,288.0,4.0,1.984375,1,completed,,,1e796430f905978e2b3dbb4b5d2f06d57252162fcf5d806c840b5cc88c466192
167,80,ablation-batch-only-seeds012-20260725,3,ablation,2,bf16,context256-batch1-decode128,256,128,1,3,0,6.348178954795,40326.5254213784,0.816268583992496,155.586044214544,249.879943847656,288.0,4.0,1.984375,1,completed,,,1e796430f905978e2b3dbb4b5d2f06d57252162fcf5d806c840b5cc88c466192
168,80,ablation-batch-only-seeds012-20260725,3,ablation,2,bf16,context256-batch1-decode128,256,128,1,4,0,6.26548891887069,40858.7427597178,0.817099435022101,155.427839693176,249.879943847656,288.0,4.0,1.984375,1,completed,,,1e796430f905978e2b3dbb4b5d2f06d57252162fcf5d806c840b5cc88c466192
169,80,ablation-batch-only-seeds012-20260725,3,ablation,2,bf16,context256-batch2-decode128,256,128,2,0,1,,,,,,,,,1,completed,,,1e796430f905978e2b3dbb4b5d2f06d57252162fcf5d806c840b5cc88c466192
170,80,ablation-batch-only-seeds012-20260725,3,ablation,2,bf16,context256-batch2-decode128,256,128,2,0,0,7.99293909221888,64056.5371627105,0.9907393429894,256.374193472114,278.631896972656,352.0,8.0,3.96875,1,completed,,,1e796430f905978e2b3dbb4b5d2f06d57252162fcf5d806c840b5cc88c466192
171,80,ablation-batch-only-seeds012-20260725,3,ablation,2,bf16,context256-batch2-decode128,256,128,2,1,0,7.89450784213841,64855.2145666516,1.04053219081834,244.105854908956,278.631896972656,352.0,8.0,3.96875,1,completed,,,1e796430f905978e2b3dbb4b5d2f06d57252162fcf5d806c840b5cc88c466192
172,80,ablation-batch-only-seeds012-20260725,3,ablation,2,bf16,context256-batch2-decode128,256,128,2,2,0,7.96779803931713,64258.6568426476,0.948092018021271,267.906484995111,278.631896972656,352.0,8.0,3.96875,1,completed,,,1e796430f905978e2b3dbb4b5d2f06d57252162fcf5d806c840b5cc88c466192
173,80,ablation-batch-only-seeds012-20260725,3,ablation,2,bf16,context256-batch2-decode128,256,128,2,3,0,7.55145912989974,67801.4660733253,0.949591029202566,267.483571546901,278.631896972656,352.0,8.0,3.96875,1,completed,,,1e796430f905978e2b3dbb4b5d2f06d57252162fcf5d806c840b5cc88c466192
174,80,ablation-batch-only-seeds012-20260725,3,ablation,2,bf16,context256-batch2-decode128,256,128,2,4,0,7.36166816204786,69549.4538370461,0.943705765064806,269.1516883788,278.631896972656,352.0,8.0,3.96875,1,completed,,,1e796430f905978e2b3dbb4b5d2f06d57252162fcf5d806c840b5cc88c466192
175,80,ablation-batch-only-seeds012-20260725,3,ablation,2,bf16,context256-batch4-decode128,256,128,4,0,1,,,,,,,,,1,completed,,,1e796430f905978e2b3dbb4b5d2f06d57252162fcf5d806c840b5cc88c466192
176,80,ablation-batch-only-seeds012-20260725,3,ablation,2,bf16,context256-batch4-decode128,256,128,4,0,0,8.82955803535879,115974.094728105,1.07840010314249,471.068204203315,336.135803222656,480.0,16.0,7.9375,1,completed,,,1e796430f905978e2b3dbb4b5d2f06d57252162fcf5d806c840b5cc88c466192
177,80,ablation-batch-only-seeds012-20260725,3,ablation,2,bf16,context256-batch4-decode128,256,128,4,1,0,7.98531202599406,128235.439850896,1.08896105992608,466.499692867332,336.135803222656,480.0,16.0,7.9375,1,completed,,,1e796430f905978e2b3dbb4b5d2f06d57252162fcf5d806c840b5cc88c466192
178,80,ablation-batch-only-seeds012-20260725,3,ablation,2,bf16,context256-batch4-decode128,256,128,4,2,0,7.85278994590044,130399.514956411,0.837857489939779,606.308359237216,336.135803222656,480.0,16.0,7.9375,1,completed,,,1e796430f905978e2b3dbb4b5d2f06d57252162fcf5d806c840b5cc88c466192
179,80,ablation-batch-only-seeds012-20260725,3,ablation,2,bf16,context256-batch4-decode128,256,128,4,3,0,6.6562129650265,153841.231550187,0.818047981942073,620.990469035803,336.135803222656,480.0,16.0,7.9375,1,completed,,,1e796430f905978e2b3dbb4b5d2f06d57252162fcf5d806c840b5cc88c466192
180,80,ablation-batch-only-seeds012-20260725,3,ablation,2,bf16,context256-batch4-decode128,256,128,4,4,0,6.61997403949499,154683.386051181,0.808765447000042,628.117833030982,336.135803222656,480.0,16.0,7.9375,1,completed,,,1e796430f905978e2b3dbb4b5d2f06d57252162fcf5d806c840b5cc88c466192
181,80,ablation-batch-only-seeds012-20260725,3,ablation,2,bf16,context256-batch8-decode128,256,128,8,0,1,,,,,,,,,1,completed,,,1e796430f905978e2b3dbb4b5d2f06d57252162fcf5d806c840b5cc88c466192
182,80,ablation-batch-only-seeds012-20260725,3,ablation,2,bf16,context256-batch8-decode128,256,128,8,0,0,9.33278794400394,219441.394392314,0.962209236109629,1055.9033959265,451.143615722656,736.0,32.0,15.875,1,completed,,,1e796430f905978e2b3dbb4b5d2f06d57252162fcf5d806c840b5cc88c466192
183,80,ablation-batch-only-seeds012-20260725,3,ablation,2,bf16,context256-batch8-decode128,256,128,8,1,0,8.77045700326562,233511.206911731,0.962296640034765,1055.80748984356,451.143615722656,736.0,32.0,15.875,1,completed,,,1e796430f905978e2b3dbb4b5d2f06d57252162fcf5d806c840b5cc88c466192
184,80,ablation-batch-only-seeds012-20260725,3,ablation,2,bf16,context256-batch8-decode128,256,128,8,2,0,8.35630111396313,245084.51431673,0.871921832906082,1165.24206833279,451.143615722656,736.0,32.0,15.875,1,completed,,,1e796430f905978e2b3dbb4b5d2f06d57252162fcf5d806c840b5cc88c466192
185,80,ablation-batch-only-seeds012-20260725,3,ablation,2,bf16,context256-batch8-decode128,256,128,8,3,0,7.33169005252421,279335.321778217,0.813144779996946,1249.46998983848,451.143615722656,736.0,32.0,15.875,1,completed,,,1e796430f905978e2b3dbb4b5d2f06d57252162fcf5d806c840b5cc88c466192
186,80,ablation-batch-only-seeds012-20260725,3,ablation,2,bf16,context256-batch8-decode128,256,128,8,4,0,7.30742886662483,280262.73500298,0.818247560877353,1241.67800623886,451.143615722656,736.0,32.0,15.875,1,completed,,,1e796430f905978e2b3dbb4b5d2f06d57252162fcf5d806c840b5cc88c466192
187,80,ablation-batch-only-seeds012-20260725,3,ablation,2,bf16,context896-batch1-decode128,896,128,1,0,1,,,,,,,,,1,completed,,,1e796430f905978e2b3dbb4b5d2f06d57252162fcf5d806c840b5cc88c466192
188,80,ablation-batch-only-seeds012-20260725,3,ablation,2,bf16,context896-batch1-decode128,896,128,1,0,0,8.32495093345642,107628.261975592,0.915754050016403,138.683525339282,321.759826660156,448.0,14.0,1.984375,1,completed,,,1e796430f905978e2b3dbb4b5d2f06d57252162fcf5d806c840b5cc88c466192
189,80,ablation-batch-only-seeds012-20260725,3,ablation,2,bf16,context896-batch1-decode128,896,128,1,1,0,7.73531896993518,115832.327468651,0.922051786910743,137.736298332551,321.759826660156,448.0,14.0,1.984375,1,completed,,,1e796430f905978e2b3dbb4b5d2f06d57252162fcf5d806c840b5cc88c466192
190,80,ablation-batch-only-seeds012-20260725,3,ablation,2,bf16,context896-batch1-decode128,896,128,1,2,0,7.58768199011683,118086.129751756,0.859851703047752,147.699887724648,321.759826660156,448.0,14.0,1.984375,1,completed,,,1e796430f905978e2b3dbb4b5d2f06d57252162fcf5d806c840b5cc88c466192
191,80,ablation-batch-only-seeds012-20260725,3,ablation,2,bf16,context896-batch1-decode128,896,128,1,3,0,6.66940584778786,134344.800788692,0.772795520024374,164.338426801432,321.759826660156,448.0,14.0,1.984375,1,completed,,,1e796430f905978e2b3dbb4b5d2f06d57252162fcf5d806c840b5cc88c466192
192,80,ablation-batch-only-seeds012-20260725,3,ablation,2,bf16,context896-batch1-decode128,896,128,1,4,0,6.63014408200979,135140.351237796,0.772146852919832,164.47648464765,321.759826660156,448.0,14.0,1.984375,1,completed,,,1e796430f905978e2b3dbb4b5d2f06d57252162fcf5d806c840b5cc88c466192
193,80,ablation-batch-only-seeds012-20260725,3,ablation,2,bf16,context896-batch2-decode128,896,128,2,0,1,,,,,,,,,1,completed,,,1e796430f905978e2b3dbb4b5d2f06d57252162fcf5d806c840b5cc88c466192
194,80,ablation-batch-only-seeds012-20260725,3,ablation,2,bf16,context896-batch2-decode128,896,128,2,0,0,8.87061096727848,202015.397429811,0.935599305201322,271.483741584593,422.391662597656,704.0,28.0,3.96875,1,completed,,,1e796430f905978e2b3dbb4b5d2f06d57252162fcf5d806c840b5cc88c466192
195,80,ablation-batch-only-seeds012-20260725,3,ablation,2,bf16,context896-batch2-decode128,896,128,2,1,0,8.26890207827091,216715.590901606,0.940281603019685,270.13184048724,422.391662597656,704.0,28.0,3.96875,1,completed,,,1e796430f905978e2b3dbb4b5d2f06d57252162fcf5d806c840b5cc88c466192
196,80,ablation-batch-only-seeds012-20260725,3,ablation,2,bf16,context896-batch2-decode128,896,128,2,2,0,8.2898719701916,216167.391540377,0.872429219074547,291.141097118959,422.391662597656,704.0,28.0,3.96875,1,completed,,,1e796430f905978e2b3dbb4b5d2f06d57252162fcf5d806c840b5cc88c466192
197,80,ablation-batch-only-seeds012-20260725,3,ablation,2,bf16,context896-batch2-decode128,896,128,2,3,0,7.1220020763576,251614.64161163,0.797771428944543,318.386934884399,422.391662597656,704.0,28.0,3.96875,1,completed,,,1e796430f905978e2b3dbb4b5d2f06d57252162fcf5d806c840b5cc88c466192
198,80,ablation-batch-only-seeds012-20260725,3,ablation,2,bf16,context896-batch2-decode128,896,128,2,4,0,7.18653295189142,249355.288843192,0.804670179029927,315.657279987946,422.391662597656,704.0,28.0,3.96875,1,completed,,,1e796430f905978e2b3dbb4b5d2f06d57252162fcf5d806c840b5cc88c466192
199,80,ablation-batch-only-seeds012-20260725,3,ablation,2,bf16,context896-batch4-decode128,896,128,4,0,1,,,,,,,,,1,completed,,,1e796430f905978e2b3dbb4b5d2f06d57252162fcf5d806c840b5cc88c466192
200,80,ablation-batch-only-seeds012-20260725,3,ablation,2,bf16,context896-batch4-decode128,896,128,4,0,0,11.8521631229669,302392.058126081,0.955591843929142,531.60771853309,623.655334472656,1088.0,56.0,7.9375,1,completed,,,1e796430f905978e2b3dbb4b5d2f06d57252162fcf5d806c840b5cc88c466192
201,80,ablation-batch-only-seeds012-20260725,3,ablation,2,bf16,context896-batch4-decode128,896,128,4,1,0,11.4075308665633,314178.417917332,0.988125225063413,514.104879740722,623.655334472656,1088.0,56.0,7.9375,1,completed,,,1e796430f905978e2b3dbb4b5d2f06d57252162fcf5d806c840b5cc88c466192
202,80,ablation-batch-only-seeds012-20260725,3,ablation,2,bf16,context896-batch4-decode128,896,128,4,2,0,11.3817360252142,314890.451866068,0.868333966005594,585.028364532187,623.655334472656,1088.0,56.0,7.9375,1,completed,,,1e796430f905978e2b3dbb4b5d2f06d57252162fcf5d806c840b5cc88c466192
203,80,ablation-batch-only-seeds012-20260725,3,ablation,2,bf16,context896-batch4-decode128,896,128,4,3,0,11.2882379908115,317498.621389569,0.826900348067284,614.342467248139,623.655334472656,1088.0,56.0,7.9375,1,completed,,,1e796430f905978e2b3dbb4b5d2f06d57252162fcf5d806c840b5cc88c466192
204,80,ablation-batch-only-seeds012-20260725,3,ablation,2,bf16,context896-batch4-decode128,896,128,4,4,0,11.4027869421989,314309.126195852,0.798759937984869,635.985827333297,623.655334472656,1088.0,56.0,7.9375,1,completed,,,1e796430f905978e2b3dbb4b5d2f06d57252162fcf5d806c840b5cc88c466192
205,80,ablation-batch-only-seeds012-20260725,3,ablation,2,bf16,context896-batch8-decode128,896,128,8,0,1,,,,,,,,,1,completed,,,1e796430f905978e2b3dbb4b5d2f06d57252162fcf5d806c840b5cc88c466192
206,80,ablation-batch-only-seeds012-20260725,3,ablation,2,bf16,context896-batch8-decode128,896,128,8,0,0,21.9861038494855,326024.112733723,0.963253064779565,1054.75916677463,1026.18267822266,1696.0,112.0,15.875,1,completed,,,1e796430f905978e2b3dbb4b5d2f06d57252162fcf5d806c840b5cc88c466192
207,80,ablation-batch-only-seeds012-20260725,3,ablation,2,bf16,context896-batch8-decode128,896,128,8,1,0,21.6286277864128,331412.610674402,0.9381362949498,1082.99828657025,1026.18267822266,1696.0,112.0,15.875,1,completed,,,1e796430f905978e2b3dbb4b5d2f06d57252162fcf5d806c840b5cc88c466192
208,80,ablation-batch-only-seeds012-20260725,3,ablation,2,bf16,context896-batch8-decode128,896,128,8,2,0,21.6527048032731,331044.091956422,0.817003794014454,1243.56827647979,1026.18267822266,1696.0,112.0,15.875,1,completed,,,1e796430f905978e2b3dbb4b5d2f06d57252162fcf5d806c840b5cc88c466192
209,80,ablation-batch-only-seeds012-20260725,3,ablation,2,bf16,context896-batch8-decode128,896,128,8,3,0,21.6001230292022,331849.961702035,0.822446281090379,1235.33904081007,1026.18267822266,1696.0,112.0,15.875,1,completed,,,1e796430f905978e2b3dbb4b5d2f06d57252162fcf5d806c840b5cc88c466192
210,80,ablation-batch-only-seeds012-20260725,3,ablation,2,bf16,context896-batch8-decode128,896,128,8,4,0,21.6505299322307,331077.346486986,0.817520024022087,1242.78301466112,1026.18267822266,1696.0,112.0,15.875,1,completed,,,1e796430f905978e2b3dbb4b5d2f06d57252162fcf5d806c840b5cc88c466192
211,80,ablation-batch-only-seeds012-20260725,3,ablation,2,bf16,context1024-batch1-decode128,1024,128,1,-1,0,,,,,,,,,,failed,"Traceback (most recent call last):
  File ""/workspace/autopareto/deployment_benchmark.py"", line 143, in <module>
    raise SystemExit(main())
  File ""/workspace/autopareto/deployment_benchmark.py"", line 99, in main
    correctness = check_cached_correctness(
  File ""/workspace/autopareto/.venv/lib/python3.10/site-packages/torch/utils/_contextlib.py"", line 120, in decorate_context
    return func(*args, **kwargs)
  File ""/workspace/autopareto/protected/inference_adapter.py"", line 261, in check_cached_correctness
    raise RuntimeError(
RuntimeError: cached/full correctness failed: greedy_tokens_match=False mean_logits_match=True max_mean_abs_error=0.021351 max_abs_error=0.0936842",,
212,80,ablation-batch-only-seeds012-20260725,3,ablation,2,bf16,context1024-batch2-decode128,1024,128,2,-1,0,,,,,,,,,,failed,"Traceback (most recent call last):
  File ""/workspace/autopareto/deployment_benchmark.py"", line 143, in <module>
    raise SystemExit(main())
  File ""/workspace/autopareto/deployment_benchmark.py"", line 99, in main
    correctness = check_cached_correctness(
  File ""/workspace/autopareto/.venv/lib/python3.10/site-packages/torch/utils/_contextlib.py"", line 120, in decorate_context
    return func(*args, **kwargs)
  File ""/workspace/autopareto/protected/inference_adapter.py"", line 261, in check_cached_correctness
    raise RuntimeError(
RuntimeError: cached/full correctness failed: greedy_tokens_match=False mean_logits_match=True max_mean_abs_error=0.023436 max_abs_error=0.114941",,
213,80,ablation-batch-only-seeds012-20260725,3,ablation,2,bf16,context1024-batch4-decode128,1024,128,4,-1,0,,,,,,,,,,failed,"Traceback (most recent call last):
  File ""/workspace/autopareto/deployment_benchmark.py"", line 143, in <module>
    raise SystemExit(main())
  File ""/workspace/autopareto/deployment_benchmark.py"", line 99, in main
    correctness = check_cached_correctness(
  File ""/workspace/autopareto/.venv/lib/python3.10/site-packages/torch/utils/_contextlib.py"", line 120, in decorate_context
    return func(*args, **kwargs)
  File ""/workspace/autopareto/protected/inference_adapter.py"", line 261, in check_cached_correctness
    raise RuntimeError(
RuntimeError: cached/full correctness failed: greedy_tokens_match=False mean_logits_match=True max_mean_abs_error=0.023436 max_abs_error=0.114941",,
214,80,ablation-batch-only-seeds012-20260725,3,ablation,2,bf16,context1024-batch8-decode128,1024,128,8,-1,0,,,,,,,,,,failed,"Traceback (most recent call last):
  File ""/workspace/autopareto/deployment_benchmark.py"", line 143, in <module>
    raise SystemExit(main())
  File ""/workspace/autopareto/deployment_benchmark.py"", line 99, in main
    correctness = check_cached_correctness(
  File ""/workspace/autopareto/.venv/lib/python3.10/site-packages/torch/utils/_contextlib.py"", line 120, in decorate_context
    return func(*args, **kwargs)
  File ""/workspace/autopareto/protected/inference_adapter.py"", line 261, in check_cached_correctness
    raise RuntimeError(
RuntimeError: cached/full correctness failed: greedy_tokens_match=False mean_logits_match=True max_mean_abs_error=0.017617 max_abs_error=0.115346",,
215,80,ablation-batch-only-seeds012-20260725,3,ablation,2,bf16,context1536-batch1-decode128,1536,128,1,-1,0,,,,,,,,,,failed,"Traceback (most recent call last):
  File ""/workspace/autopareto/deployment_benchmark.py"", line 143, in <module>
    raise SystemExit(main())
  File ""/workspace/autopareto/deployment_benchmark.py"", line 99, in main
    correctness = check_cached_correctness(
  File ""/workspace/autopareto/.venv/lib/python3.10/site-packages/torch/utils/_contextlib.py"", line 120, in decorate_context
    return func(*args, **kwargs)
  File ""/workspace/autopareto/protected/inference_adapter.py"", line 261, in check_cached_correctness
    raise RuntimeError(
RuntimeError: cached/full correctness failed: greedy_tokens_match=True mean_logits_match=False max_mean_abs_error=0.0361004 max_abs_error=0.132304",,
216,80,ablation-batch-only-seeds012-20260725,3,ablation,2,bf16,context1536-batch2-decode128,1536,128,2,0,1,,,,,,,,,1,completed,,,1e796430f905978e2b3dbb4b5d2f06d57252162fcf5d806c840b5cc88c466192
217,80,ablation-batch-only-seeds012-20260725,3,ablation,2,bf16,context1536-batch2-decode128,1536,128,2,0,0,11.8676589336246,258854.759576559,0.993807958904654,255.582577825148,566.151428222656,960.0,48.0,3.96875,1,completed,,,1e796430f905978e2b3dbb4b5d2f06d57252162fcf5d806c840b5cc88c466192
218,80,ablation-batch-only-seeds012-20260725,3,ablation,2,bf16,context1536-batch2-decode128,1536,128,2,1,0,11.4424370694906,268474.275308973,1.11387546104379,228.032674103424,566.151428222656,960.0,48.0,3.96875,1,completed,,,1e796430f905978e2b3dbb4b5d2f06d57252162fcf5d806c840b5cc88c466192
219,80,ablation-batch-only-seeds012-20260725,3,ablation,2,bf16,context1536-batch2-decode128,1536,128,2,2,0,12.3314938973635,249118.235435918,1.0337949860841,245.696683983855,566.151428222656,960.0,48.0,3.96875,1,completed,,,1e796430f905978e2b3dbb4b5d2f06d57252162fcf5d806c840b5cc88c466192
220,80,ablation-batch-only-seeds012-20260725,3,ablation,2,bf16,context1536-batch2-decode128,1536,128,2,3,0,11.3838058896363,269857.025829712,1.06038995296694,239.534521511935,566.151428222656,960.0,48.0,3.96875,1,completed,,,1e796430f905978e2b3dbb4b5d2f06d57252162fcf5d806c840b5cc88c466192
221,80,ablation-batch-only-seeds012-20260725,3,ablation,2,bf16,context1536-batch2-decode128,1536,128,2,4,0,11.4135001786053,269154.943875892,0.891141636064276,285.027642880418,566.151428222656,960.0,48.0,3.96875,1,completed,,,1e796430f905978e2b3dbb4b5d2f06d57252162fcf5d806c840b5cc88c466192
222,80,ablation-batch-only-seeds012-20260725,3,ablation,2,bf16,context1536-batch4-decode128,1536,128,4,0,1,,,,,,,,,1,completed,,,1e796430f905978e2b3dbb4b5d2f06d57252162fcf5d806c840b5cc88c466192
223,80,ablation-batch-only-seeds012-20260725,3,ablation,2,bf16,context1536-batch4-decode128,1536,128,4,0,0,20.8648398984224,294466.673595926,1.0253755368758,495.428242366516,911.174865722656,1504.0,96.0,7.9375,1,completed,,,1e796430f905978e2b3dbb4b5d2f06d57252162fcf5d806c840b5cc88c466192
224,80,ablation-batch-only-seeds012-20260725,3,ablation,2,bf16,context1536-batch4-decode128,1536,128,4,1,0,20.7775300368667,295704.060545136,1.03611273807473,490.294136277049,911.174865722656,1504.0,96.0,7.9375,1,completed,,,1e796430f905978e2b3dbb4b5d2f06d57252162fcf5d806c840b5cc88c466192
225,80,ablation-batch-only-seeds012-20260725,3,ablation,2,bf16,context1536-batch4-decode128,1536,128,4,2,0,20.5230528954417,299370.665334329,0.965332759078592,526.24340697283,911.174865722656,1504.0,96.0,7.9375,1,completed,,,1e796430f905978e2b3dbb4b5d2f06d57252162fcf5d806c840b5cc88c466192
226,80,ablation-batch-only-seeds012-20260725,3,ablation,2,bf16,context1536-batch4-decode128,1536,128,4,3,0,20.4851070884615,299925.207784766,0.850804341025651,597.082049895987,911.174865722656,1504.0,96.0,7.9375,1,completed,,,1e796430f905978e2b3dbb4b5d2f06d57252162fcf5d806c840b5cc88c466192
227,80,ablation-batch-only-seeds012-20260725,3,ablation,2,bf16,context1536-batch4-decode128,1536,128,4,4,0,20.4619830474257,300264.15258774,0.875768423080444,580.062019378538,911.174865722656,1504.0,96.0,7.9375,1,completed,,,1e796430f905978e2b3dbb4b5d2f06d57252162fcf5d806c840b5cc88c466192
228,80,ablation-batch-only-seeds012-20260725,3,ablation,2,bf16,context1536-batch8-decode128,1536,128,8,0,1,,,,,,,,,1,completed,,,1e796430f905978e2b3dbb4b5d2f06d57252162fcf5d806c840b5cc88c466192
229,80,ablation-batch-only-seeds012-20260725,3,ablation,2,bf16,context1536-batch8-decode128,1536,128,8,0,0,39.2992519773543,312677.707124828,0.857075389008969,1185.4266416106,1601.22174072266,3008.0,192.0,15.875,1,completed,,,1e796430f905978e2b3dbb4b5d2f06d57252162fcf5d806c840b5cc88c466192
230,80,ablation-batch-only-seeds012-20260725,3,ablation,2,bf16,context1536-batch8-decode128,1536,128,8,1,0,38.9305811841041,315638.750469448,0.834853014908731,1216.98069223727,1601.22174072266,3008.0,192.0,15.875,1,completed,,,1e796430f905978e2b3dbb4b5d2f06d57252162fcf5d806c840b5cc88c466192
231,80,ablation-batch-only-seeds012-20260725,3,ablation,2,bf16,context1536-batch8-decode128,1536,128,8,2,0,38.902732077986,315864.705218312,0.894460933050141,1135.87968178264,1601.22174072266,3008.0,192.0,15.875,1,completed,,,1e796430f905978e2b3dbb4b5d2f06d57252162fcf5d806c840b5cc88c466192
232,80,ablation-batch-only-seeds012-20260725,3,ablation,2,bf16,context1536-batch8-decode128,1536,128,8,3,0,38.926815148443,315669.28743441,0.968937741126865,1048.57098333109,1601.22174072266,3008.0,192.0,15.875,1,completed,,,1e796430f905978e2b3dbb4b5d2f06d57252162fcf5d806c840b5cc88c466192
233,80,ablation-batch-only-seeds012-20260725,3,ablation,2,bf16,context1536-batch8-decode128,1536,128,8,4,0,38.9285038691014,315655.593683201,0.977962028002366,1038.89514204895,1601.22174072266,3008.0,192.0,15.875,1,completed,,,1e796430f905978e2b3dbb4b5d2f06d57252162fcf5d806c840b5cc88c466192
