experiment_id,campaign_id,experiment_number,method,phase,training_seed,status,valid_result,exclude_from_analysis,val_bpb,cached_decode_tokens_per_second,allocated_inference_memory_mib,reserved_inference_memory_mib,parameter_count,training_seconds,inference_metric_mode,inference_status,cached_decode_variation_tokens_per_second,prefill_milliseconds,incremental_kv_cache_memory_mb,parent_experiment_id,change_category,decision
1,baseline-first,1,setup_oom,setup,0,oom,0,1,,,,,,,,,,,,,,
2,baseline-a40-async,1,setup_oom,setup,0,oom,0,1,,,,,,,,,,,,,,
3,baseline-a40-seed0,1,baseline,baseline,0,completed,1,0,1.20671145369671,,286.474670410156,,50332176,301.758001565933,uncached_legacy,,,,,,,
4,baseline-a40-seed0,2,baseline,baseline,1,completed,1,0,1.21272999168195,158.315390948248,249.883850097656,352.0,50332176,301.313119411469,cached_decode,,2.75299486290728,6.31585903465748,3.984375,,,
5,baseline-a40-seed0,3,baseline,baseline,2,completed,1,0,1.21227539789565,155.337506084363,249.883850097656,352.0,50332176,300.833156824112,cached_decode,,3.90428022349424,6.39775954186916,3.984375,,,
6,baseline-a40-seed0,4,baseline,baseline,3,completed,1,0,1.19318484755477,156.903989051396,249.883850097656,352.0,50332176,301.678899049759,cached_decode,,2.30054122385661,6.31691142916679,3.984375,,,
7,baseline-a40-seed0,5,baseline,baseline,4,completed,1,0,1.20949878835399,161.234745470012,249.883850097656,352.0,50332176,300.781943798065,cached_decode,,3.06219184497649,6.54985010623932,3.984375,,,
8,baseline-a40-cached-fresh-20260722,1,baseline,baseline,0,completed,1,0,1.21373499284341,164.112630643303,249.883850097656,352.0,50332176,301.534933328629,cached_decode,,1.89711520710704,6.19379244744778,3.984375,,,
9,baseline-a40-cached-fresh-20260722,2,baseline,baseline,1,completed,1,0,1.21892624806,151.874966818531,249.883850097656,352.0,50332176,300.38574385643,cached_decode,,2.74031427660801,6.66767451912165,3.984375,,,
10,baseline-a40-cached-fresh-20260722,3,baseline,baseline,2,completed,1,0,1.2169696961309,161.992223204326,249.883850097656,352.0,50332176,301.050688028336,cached_decode,,3.27602889895801,6.22141920030117,3.984375,,,
11,baseline-a40-cached-fresh-20260722,4,baseline,baseline,3,completed,1,0,1.19668321499338,160.81916285396,249.883850097656,352.0,50332176,301.342839241028,cached_decode,,15.2543240763248,6.63024466484785,3.984375,,,
12,baseline-a40-cached-fresh-20260722,5,baseline,baseline,4,completed,1,0,1.21310934299409,153.9059732111,249.883850097656,352.0,50332176,300.784096956253,cached_decode,,3.28624875432083,6.85220956802368,3.984375,,,
13,discovery-reference-seed42-20260722,1,baseline,baseline,42,completed,1,0,1.18929832592389,157.342638264525,249.883850097656,352.0,50332176,301.199775457382,cached_decode,,7.52920026686155,6.60345703363419,3.984375,,,
14,autoresearch-seed42-20260723,1,autoresearch,campaign,42,interrupted,0,1,,,,,,,,,,,,,,discarded
15,autoresearch-seed42-20260723,2,autoresearch,campaign,42,completed,1,0,1.24454836080685,162.170060402221,249.883850097656,352.0,50332176,300.565801382065,cached_decode,,1.46781305246141,6.47753570228815,3.984375,13,schedule,discarded
16,autoresearch-seed42-20260723,3,autoresearch,campaign,42,completed,1,0,1.1908194994995,160.377773958886,249.883850097656,352.0,50332176,300.259254932404,cached_decode,,1.3693192350065,6.49395119398832,3.984375,13,optimizer,discarded
17,autoresearch-seed42-20260723,4,autoresearch,campaign,42,completed,1,0,1.18905570838782,158.500793070845,249.883850097656,352.0,50332176,300.802690982819,cached_decode,,10.1556895889918,7.83963780850172,3.984375,13,architecture,retained
18,autoresearch-seed42-20260723,5,autoresearch,campaign,42,completed,1,0,1.17166532529349,159.665469669805,249.883850097656,352.0,50332176,300.346951246262,cached_decode,,2.05080426720275,6.49983994662762,3.984375,17,batching,retained
19,autoresearch-seed42-20260723,6,autoresearch,campaign,42,completed,1,0,1.09901885573546,166.472795488518,249.883850097656,352.0,50332176,300.119113683701,cached_decode,,11.3387237759639,6.11089263111353,3.984375,18,batching,retained
20,autoresearch-seed42-20260723,7,autoresearch,campaign,42,completed,1,0,1.09986589067194,166.046531309111,249.883850097656,352.0,50332176,300.389511823654,cached_decode,,9.45988505238436,6.17824587970972,3.984375,19,optimizer,discarded
21,autoresearch-seed42-20260723,8,autoresearch,campaign,42,crash,0,1,,,,,,,,,,,,19,optimizer,discarded
22,autoresearch-seed42-20260723,9,autoresearch,campaign,42,completed,1,0,1.09867023942478,162.396190694006,249.883850097656,352.0,50332176,300.216975450516,cached_decode,,0.762769818137821,6.32413011044264,3.984375,19,schedule,retained
23,autoresearch-seed42-20260723,10,autoresearch,campaign,42,completed,1,0,1.10589973359207,163.409744883948,249.883850097656,352.0,50332176,300.425354719162,cached_decode,,7.68522021538588,6.31541572511196,3.984375,22,schedule,discarded
24,autoresearch-seed42-20260723,11,autoresearch,campaign,42,crash,0,1,,,,,,,,,,,,22,schedule,discarded
25,autoresearch-seed42-20260723,12,autoresearch,campaign,42,completed,1,0,1.09886475208564,163.347182961975,249.883850097656,352.0,50332176,300.122114181519,cached_decode,,4.50405387584359,6.26527052372694,3.984375,22,optimizer,discarded
26,autoresearch-seed42-20260723,13,autoresearch,campaign,42,completed,1,0,1.09854791868762,164.52710873882,249.883850097656,352.0,50332176,300.288150072098,cached_decode,,0.662047311026932,6.57263491302729,3.984375,22,optimizer,retained
27,autoresearch-seed42-20260723,14,autoresearch,campaign,42,crash,0,1,,,,,,,,,,,,26,optimizer,discarded
28,autoresearch-seed42-20260723,15,autoresearch,campaign,42,completed,1,0,1.09823319229399,162.643588590762,249.883850097656,352.0,50332176,300.088789463043,cached_decode,,1.60815968931308,6.42378255724907,3.984375,26,optimizer,retained
29,autoresearch-seed42-20260723,16,autoresearch,campaign,42,completed,1,0,1.09767449534481,162.45948377773,249.883850097656,352.0,50332176,300.114982843399,cached_decode,,0.600024162049214,6.31488114595413,3.984375,28,optimizer,retained
30,autoresearch-seed42-20260723,17,autoresearch,campaign,42,crash,0,1,,,,,,,,,,,,29,optimizer,discarded
31,autoresearch-seed42-20260723,18,autoresearch,campaign,42,crash,0,1,,,,,,,,,,,,29,optimizer,discarded
32,autoresearch-seed42-20260723,19,autoresearch,campaign,42,completed,1,0,1.09682514254376,163.078086137303,249.883850097656,352.0,50332176,300.272212743759,cached_decode,,1.28365083484786,6.64601288735867,3.984375,29,optimizer,retained
33,autoresearch-seed42-20260723,20,autoresearch,campaign,42,crash,0,1,,,,,,,,,,,,32,optimizer,discarded
34,autoresearch-seed42-20260723,21,autoresearch,campaign,42,completed,1,0,1.0967681235011,164.643080003866,249.883850097656,352.0,50332176,300.379130840302,cached_decode,,0.905339639345432,6.18560798466206,3.984375,32,optimizer,retained
35,autoresearch-seed42-20260723,22,autoresearch,campaign,42,crash,0,1,,,,,,,,,,,,34,optimization,discarded
36,autoresearch-seed42-20260723,23,autoresearch,campaign,42,interrupted,0,1,,,,,,,,,,,,34,optimization,discarded
37,autoresearch-seed42-20260723,24,autoresearch,campaign,42,crash,0,1,,,,,,,,,,,,34,optimization,discarded
38,autoresearch-seed42-20260723,25,autoresearch,campaign,42,crash,0,1,,,,,,,,,,,,34,optimization,discarded
39,autoresearch-seed42-20260723,26,autoresearch,campaign,42,crash,0,1,,,,,,,,,,,,34,optimization,discarded
40,autoresearch-seed42-20260723,27,autoresearch,campaign,42,completed,1,0,1.10370946870981,164.759932271595,249.883850097656,352.0,50332176,300.10483455658,cached_decode,,1.0960189920709,6.3427584245801,3.984375,34,optimization,discarded
41,autoresearch-seed42-20260723,28,autoresearch,campaign,42,crash,0,1,,,,,,,,,,,,34,optimization,discarded
42,autoresearch-seed42-20260723,29,autoresearch,campaign,42,crash,0,1,,,,,,,,,,,,34,optimization,discarded
43,autoresearch-seed42-20260723,30,autoresearch,campaign,42,crash,0,1,,,,,,,,,,,,34,optimization,discarded
44,autoresearch-seed42-20260723,31,autoresearch,campaign,42,crash,0,1,,,,,,,,,,,,34,optimization,discarded
45,autoresearch-seed42-20260723,32,autoresearch,campaign,42,crash,0,1,,,,,,,,,,,,34,optimization,discarded
46,autoresearch-seed42-20260723,33,autoresearch,campaign,42,crash,0,1,,,,,,,,,,,,34,optimization,discarded
47,autoresearch-seed42-20260723,34,autoresearch,campaign,42,crash,0,1,,,,,,,,,,,,34,optimization,discarded
48,autoresearch-seed42-20260723,35,autoresearch,campaign,42,completed,1,0,1.09810457397255,164.32750130082,249.883850097656,352.0,50332176,300.22744345665,cached_decode,,14.48742177641,8.9425528421998,3.984375,34,optimization,discarded
49,autoresearch-seed42-20260723,36,autoresearch,campaign,42,crash,0,1,,,,,,,,,,,,34,optimization,discarded
50,autoresearch-seed42-20260723,37,autoresearch,campaign,42,crash,0,1,,,,,,,,,,,,34,optimization,discarded
51,autoresearch-seed42-20260723,38,autoresearch,campaign,42,completed,1,0,1.09803128674735,164.418681579018,249.883850097656,352.0,50332176,300.196004152298,cached_decode,,1.3395116853651,6.218989379704,3.984375,34,optimization,discarded
52,autoresearch-seed42-20260723,39,autoresearch,campaign,42,completed,1,0,1.09678471383114,159.471003185084,249.883850097656,352.0,50332176,300.201195955276,cached_decode,,9.76226980074006,6.46201334893703,3.984375,34,optimization,discarded
53,autoresearch-seed42-20260723,40,autoresearch,campaign,42,crash,0,1,,,,,,,,,,,,34,optimization,discarded
54,autoresearch-seed42-20260723,41,autoresearch,campaign,42,crash,0,1,,,,,,,,,,,,34,optimization,discarded
55,autoresearch-seed42-20260723,42,autoresearch,campaign,42,crash,0,1,,,,,,,,,,,,34,optimization,discarded
56,autoresearch-seed42-20260723,43,autoresearch,campaign,42,crash,0,1,,,,,,,,,,,,34,architecture,discarded
57,autoresearch-seed42-20260723,44,autoresearch,campaign,42,crash,0,1,,,,,,,,,,,,34,architecture,discarded
58,autoresearch-seed42-20260723,45,autoresearch,campaign,42,crash,0,1,,,,,,,,,,,,34,architecture,discarded
59,autoresearch-seed42-20260723,46,autoresearch,campaign,42,crash,0,1,,,,,,,,,,,,34,architecture,discarded
60,autoresearch-seed42-20260723,47,autoresearch,campaign,42,crash,0,1,,,,,,,,,,,,34,optimization,discarded
61,autoresearch-seed42-20260723,48,autoresearch,campaign,42,completed,1,0,1.09675414549443,161.629076860719,249.883850097656,352.0,50332176,300.240706682205,cached_decode,,10.293017704896,6.27582799643278,3.984375,34,optimization,retained
62,autoresearch-seed42-20260723,49,autoresearch,campaign,42,crash,0,1,,,,,,,,,,,,61,optimization,discarded
63,autoresearch-seed42-20260723,50,autoresearch,campaign,42,crash,0,1,,,,,,,,,,,,61,optimization,discarded
64,autoresearch-diagnostic5-seed42-20260724,1,autoresearch,campaign,42,crash,0,1,1.095215,,,,50332176,300.3,,not_started,,,,61,schedule,retained
65,autoresearch-diagnostic5-seed42-20260724,2,autoresearch,campaign,42,crash,0,1,1.0948561434742,,,,50332176,300.414279222488,,incompatible,,,,64,schedule,retained
66,autoresearch-diagnostic5-seed42-20260724,3,autoresearch,campaign,42,completed,1,0,1.095224720683,163.952540155797,249.883850097656,288.0,50332176,300.084583282471,cached_decode,compatible,11.6784094386252,6.33462099358439,3.984375,65,schedule,discarded
67,autoresearch-diagnostic5-seed42-20260724,4,autoresearch,campaign,42,completed,1,0,1.09537187553136,163.115012835275,249.883850097656,288.0,50332176,300.262812852859,cached_decode,compatible,2.52329909101623,6.33804895915091,3.984375,65,schedule,discarded
68,autoresearch-diagnostic5-seed42-20260724,5,autoresearch,campaign,42,completed,1,0,1.09497606754046,161.423539694131,249.883850097656,288.0,50332176,300.315862178802,cached_decode,compatible,2.57525609450333,6.58514548558742,3.984375,65,schedule,discarded
69,setup-checkpoint-mount-20260727,1,setup_checkpoint_mount,setup,0,crash,0,1,,,,,,,,not_started,,,,65,confirmation,
70,setup-checkpoint-mount-20260727,2,setup_checkpoint_mount,setup,1,crash,0,1,,,,,,,,not_started,,,,65,confirmation,
71,setup-checkpoint-mount-20260727,3,setup_checkpoint_mount,setup,2,interrupted,0,1,,,,,,,,not_started,,,,65,confirmation,
72,confirmation-exp65-seeds012-20260725,1,confirmation,confirmation,0,crash,0,1,1.10368276507814,,,,50332176,300.238270998001,,incompatible,,,,65,confirmation,
73,confirmation-exp65-seeds012-20260725,2,confirmation,confirmation,1,crash,0,1,1.09890550507565,,,,50332176,300.177235126495,,incompatible,,,,65,confirmation,
74,confirmation-exp65-seeds012-20260725,3,confirmation,confirmation,2,crash,0,1,1.10252301171206,,,,50332176,300.408963918686,,incompatible,,,,65,confirmation,
75,confirmation-exp68-seeds012-20260725,1,confirmation,confirmation,0,completed,1,0,1.10290107549915,162.201257584407,249.883850097656,288.0,50332176,300.273156166077,cached_decode,compatible,3.68452734294084,6.45864999387413,3.984375,68,confirmation,
76,confirmation-exp68-seeds012-20260725,2,confirmation,confirmation,1,crash,0,1,1.09899224954677,,,,50332176,300.188241243362,,incompatible,,,,68,confirmation,
77,confirmation-exp68-seeds012-20260725,3,confirmation,confirmation,2,completed,1,0,1.10238265710456,167.011304073274,249.883850097656,288.0,50332176,300.049247980118,cached_decode,compatible,0.754276171437734,6.14778301678598,3.984375,68,confirmation,
78,ablation-batch-only-seeds012-20260725,1,ablation,ablation,0,completed,1,0,1.10510578590132,166.758261352736,249.883850097656,288.0,50332176,300.026031255722,cached_decode,compatible,0.76815283835841,6.14357797894627,3.984375,68,ablation,
79,ablation-batch-only-seeds012-20260725,2,ablation,ablation,1,completed,1,0,1.10183024975253,160.591020622486,249.883850097656,288.0,50332176,300.069363832474,cached_decode,compatible,1.72128290307035,6.40548951923847,3.984375,68,ablation,
80,ablation-batch-only-seeds012-20260725,3,ablation,ablation,2,completed,1,0,1.104967478661,158.963814680232,249.883850097656,288.0,50332176,300.23375749588,cached_decode,compatible,10.9563017962469,7.00376089662313,3.984375,68,ablation,
81,ablation-nonbatch-only-seeds012-20260725,1,ablation,ablation,0,completed,1,0,1.21750530974736,163.319287346751,249.883850097656,288.0,50332176,301.558410406113,cached_decode,compatible,8.02146490846979,6.54185505118221,3.984375,68,ablation,
82,ablation-nonbatch-only-seeds012-20260725,2,ablation,ablation,1,completed,1,0,1.20310140863538,162.509874631141,249.883850097656,288.0,50332176,301.397628307343,cached_decode,compatible,4.35306621382034,6.32096244953573,3.984375,68,ablation,
83,ablation-nonbatch-only-seeds012-20260725,3,ablation,ablation,2,completed,1,0,1.23579929368442,160.760751752022,249.883850097656,288.0,50332176,301.603060245514,cached_decode,compatible,3.5462641150007,6.60193350631744,3.984375,68,ablation,
84,autopareto-seed42-20260727,1,autopareto,campaign,42,completed,1,0,1.19797277942538,156.021883370685,219.882385253906,256.0,39846160,300.531243085861,cached_decode,compatible,3.93260588289789,6.71685044653714,1.9921875,13,architecture,retained
85,autopareto-seed42-20260727,2,autopareto,campaign,42,completed,1,0,1.19846780937894,157.242963154665,204.881652832031,256.0,34603152,301.281206846237,cached_decode,compatible,7.62322249645035,6.6800385247916,0.99609375,84,architecture,retained
86,autopareto-seed42-20260727,3,autopareto,campaign,42,completed,1,0,1.17273787146751,163.365050981645,249.883850097656,288.0,50332176,300.465415000916,cached_decode,compatible,8.25898357706768,6.4813249045983,3.984375,13,batching,retained
87,autopareto-seed42-20260727,4,autopareto,campaign,42,completed,1,0,1.09929801864245,159.006861260428,249.883850097656,320.0,50332176,300.425410270691,cached_decode,compatible,10.4472345428007,6.97092246264219,3.984375,86,batching,retained
91,setup-autopareto-seed42-20260730-tokenizer-cache,5,setup_tokenizer_cache,setup,42,crash,0,1,,,,,,,,not_started,,,,87,architecture,
92,autopareto-seed42-20260727,5,autopareto,campaign,42,completed,1,0,1.10401011006924,151.361982321354,219.884826660156,256.0,39846160,300.38515162468,cached_decode,compatible,9.13180369598188,6.95081707090139,1.9921875,87,architecture,retained
93,autopareto-seed42-20260727,6,autopareto,campaign,42,completed,1,0,1.09688165733239,163.456954255139,249.886291503906,288.0,50332176,300.183783769608,cached_decode,compatible,9.29299421246871,7.83046614378691,3.984375,87,batching,retained
94,autopareto-seed42-20260727,7,autopareto,campaign,42,completed,1,0,1.09877611865872,152.205144980124,219.884826660156,256.0,39846160,300.1701836586,cached_decode,compatible,1.49460279763463,6.84017734602094,1.9921875,92,batching,retained
95,autopareto-seed42-20260727,8,autopareto,campaign,42,completed,1,0,1.10565624705647,155.143881363931,204.884094238281,256.0,34603152,300.048900842667,cached_decode,compatible,2.02988171734138,7.28702079504728,0.99609375,85,batching,retained
96,autopareto-seed42-20260727,9,autopareto,campaign,42,completed,1,0,1.09499839475839,148.192869585816,249.886291503906,288.0,50332176,300.120703697205,cached_decode,compatible,7.53561656017622,6.86793075874448,3.984375,93,optimizer,retained
97,autopareto-seed42-20260727,10,autopareto,campaign,42,completed,1,0,1.09419563060939,152.852747470303,249.886291503906,288.0,50332176,300.012963056564,cached_decode,compatible,6.79050597455506,6.85416534543037,3.984375,96,optimizer,retained
98,autopareto-seed42-20260727,11,autopareto,campaign,42,completed,1,0,1.10020527572619,160.027880056717,249.886291503906,320.0,50332176,300.154009103775,cached_decode,compatible,5.81055383450679,6.54645729809999,3.984375,97,optimizer,dominated
99,autopareto-seed42-20260727,12,autopareto,campaign,42,completed,1,0,1.09637980184537,155.541506353154,219.884826660156,256.0,39846160,300.11102771759,cached_decode,compatible,0.687524897290315,6.68969284743071,1.9921875,94,optimizer,retained
100,autopareto-seed42-20260727,13,autopareto,campaign,42,completed,1,0,1.10389523786152,149.091682286779,204.884094238281,256.0,34603152,300.100990533829,cached_decode,compatible,5.18371407337408,7.15880841016769,0.99609375,95,optimizer,retained
101,autopareto-seed42-20260727,14,autopareto,campaign,42,completed,1,0,1.09707677035904,177.091340858799,203.134819030762,256.0,36962574,300.159647703171,cached_decode,compatible,15.5959454261926,6.05408381670713,1.7431640625,99,architecture,retained
102,autopareto-seed42-20260727,15,autopareto,campaign,42,completed,1,0,1.11200127354643,207.341039182937,122.446395874023,160.0,18874476,300.109532356262,cached_decode,compatible,6.89881658129171,5.02554839476943,0.7470703125,101,architecture,retained
103,autopareto-seed42-20260727,16,autopareto,campaign,42,completed,1,0,1.1228413979653,242.206867547332,113.321388244629,160.0,17301610,300.108909606934,cached_decode,compatible,15.4483892954645,4.60368255153298,0.62255859375,102,architecture,retained
104,autopareto-seed42-20260727,17,autopareto,campaign,42,completed,1,0,1.18109064977392,302.444281923476,74.5086975097656,96.0,9175112,300.151394844055,cached_decode,compatible,20.3599525633213,3.51272709667683,0.498046875,103,architecture,retained
105,autopareto-seed42-20260727,18,autopareto,campaign,42,completed,1,0,1.18781146212203,297.059411164583,74.5086975097656,96.0,9175112,300.105055332184,cached_decode,compatible,3.08132994355143,4.05919179320335,0.498046875,104,optimizer,dominated
106,autopareto-seed42-20260727,19,autopareto,campaign,42,completed,1,0,1.11117774339681,174.349940562414,150.415336608887,192.0,23888014,300.155299425125,cached_decode,compatible,1.04219353187058,6.62636337801814,0.435791015625,101,architecture,retained
107,autopareto-seed42-20260727,20,autopareto,campaign,42,completed,1,0,1.10149607922799,160.636191699338,249.886291503906,288.0,50332176,300.002452850342,cached_decode,compatible,1.81060639112513,6.26623025164008,3.984375,97,batching,dominated
108,autopareto-seed42-20260727,21,autopareto,campaign,42,completed,1,0,1.10038453776462,178.244709529885,189.009086608887,256.0,31850638,300.024355888367,cached_decode,compatible,0.721607499836325,5.99596602842212,0.87158203125,101,architecture,retained
109,autopareto-seed42-20260727,22,autopareto,campaign,42,completed,1,0,1.09398149969822,151.318416517703,249.886291503906,320.0,50332176,300.038255214691,cached_decode,compatible,12.2832890514816,6.98925368487835,3.984375,97,optimizer,retained
110,autopareto-seed42-20260727,23,autopareto,campaign,42,completed,1,0,1.09565038855236,162.41118417905,249.886291503906,288.0,50332176,300.131224632263,cached_decode,compatible,1.21003764437285,6.35555386543274,3.984375,109,optimizer,retained
111,autopareto-seed42-20260727,24,autopareto,campaign,42,completed,1,0,1.09403081648699,161.815905068003,249.886291503906,288.0,50332176,300.010819911957,cached_decode,compatible,2.99647693751525,6.26949826255441,3.984375,109,optimizer,retained
112,autopareto-seed42-20260727,25,autopareto,campaign,42,completed,1,0,1.09430737772011,162.74514605759,249.886291503906,288.0,50332176,300.068639278412,cached_decode,compatible,1.24330625313772,6.30854116752744,3.984375,109,schedule,retained
113,autopareto-seed0-20260731,1,autopareto,campaign,0,completed,1,0,1.1062543668726,164.906783410649,249.886291503906,320.0,50332176,300.199124097824,cached_decode,compatible,1.0730867269068,6.47908169776201,3.984375,8,batching,retained
114,autopareto-seed0-20260731,2,autopareto,campaign,0,completed,1,0,1.10613957959468,163.378176900491,249.886291503906,288.0,50332176,300.386237621307,cached_decode,compatible,5.24282795534456,6.41185790300369,3.984375,113,optimizer,retained
115,autopareto-seed0-20260731,3,autopareto,campaign,0,completed,1,0,1.10706245391001,155.769975074947,219.884826660156,256.0,39846160,300.007769584656,cached_decode,compatible,0.925687630058559,6.59706629812717,1.9921875,113,architecture,retained
116,autopareto-seed0-20260731,4,autopareto,campaign,0,completed,1,0,1.10047480695538,184.927633691179,231.386283874512,288.0,47186446,300.098024129868,cached_decode,compatible,11.5043537734552,5.55364321917295,3.486328125,113,architecture,retained
117,autopareto-seed0-20260731,5,autopareto,campaign,0,completed,1,0,1.10034877380107,183.800846506904,231.386283874512,256.0,47186446,300.408647537231,cached_decode,compatible,0.794645139251834,5.61579782515764,3.486328125,116,optimizer,retained
118,autopareto-seed0-20260731,6,autopareto,campaign,0,completed,1,0,1.09776837924351,216.876965400195,142.697494506836,160.0,26345772,300.241694450378,cached_decode,compatible,24.1678728690409,5.08882943540812,2.2412109375,116,architecture,retained
119,autopareto-seed0-20260731,7,autopareto,campaign,0,completed,1,0,1.0965854759853,250.977929707651,132.197486877441,192.0,24576298,300.039552927017,cached_decode,compatible,15.8229583012952,4.33413963764906,1.86767578125,118,architecture,retained
120,autopareto-seed0-20260731,8,autopareto,campaign,0,completed,1,0,1.15731429843715,312.04014456573,80.5090637207031,128.0,11534472,300.103696584702,cached_decode,compatible,40.663180792621,4.16041817516088,0.99609375,119,architecture,retained
121,autopareto-seed0-20260731,9,autopareto,campaign,0,completed,1,0,1.10679821255577,324.731903124833,115.696929931641,160.0,19661000,300.113953590393,cached_decode,compatible,44.7859707822625,3.23605909943581,1.494140625,120,architecture,retained
122,autopareto-seed0-20260731,10,autopareto,campaign,0,completed,1,0,1.10538986142457,291.019683592787,115.696929931641,160.0,19661000,300.175367832184,cached_decode,compatible,26.9846948258292,3.86039167642593,1.494140625,121,architecture,retained
123,autopareto-seed0-20260731,11,autopareto,campaign,0,completed,1,0,1.09638481589817,223.390312129004,132.197486877441,192.0,24576298,300.145431995392,cached_decode,compatible,27.6509750007643,5.39788324385881,1.86767578125,119,optimization,retained
124,autopareto-seed0-20260731,12,autopareto,campaign,0,completed,1,0,1.09630369915752,258.264010534674,132.197486877441,192.0,24576298,300.162920236588,cached_decode,compatible,22.3893307966503,4.00687009096146,1.86767578125,119,optimization,retained
125,autopareto-seed0-20260731,13,autopareto,campaign,0,completed,1,0,1.0954397474837,252.101171194974,132.197486877441,192.0,24576298,300.04120016098,cached_decode,compatible,33.1001950803316,5.65740466117859,1.86767578125,124,optimization,retained
126,autopareto-seed0-20260731,14,autopareto,campaign,0,completed,1,0,1.09725548847405,216.292328052578,132.197486877441,160.0,24576298,300.101915121078,cached_decode,compatible,3.51584637019275,6.65550585836172,1.86767578125,125,optimization,dominated
127,autopareto-seed0-20260731,15,autopareto,campaign,0,completed,1,0,1.09582148108992,257.456865075303,132.197486877441,192.0,24576298,300.22091293335,cached_decode,compatible,30.6896562123834,5.24463690817356,1.86767578125,125,optimization,retained
128,autopareto-seed0-20260731,16,autopareto,campaign,0,completed,1,0,1.09916425128575,225.845009804152,132.197486877441,192.0,24576298,300.138513803482,cached_decode,compatible,33.7405713956772,6.17637485265732,1.86767578125,125,optimization,dominated
129,autopareto-seed0-20260731,17,autopareto,campaign,0,crash,0,1,,,,,,,,not_started,,,,120,architecture,dominated
130,autopareto-seed0-20260731,18,autopareto,campaign,0,completed,1,0,1.0956682214133,312.729109250467,159.884796142578,224.0,29360392,300.062337636948,cached_decode,compatible,24.4420868003209,3.87478526681662,1.9921875,120,architecture,retained
131,autopareto-seed0-20260731,19,autopareto,campaign,0,completed,1,0,1.09535823191912,312.252638222772,159.884796142578,224.0,29360392,300.173124790192,cached_decode,compatible,22.7612612185087,3.91997676342726,1.9921875,130,optimization,retained
132,autopareto-seed0-20260731,20,autopareto,campaign,0,completed,1,0,1.09338244805047,311.014871078916,159.884796142578,192.0,29360392,300.196058273315,cached_decode,compatible,27.9083934054684,3.67612298578024,1.9921875,131,optimization,retained
133,autopareto-seed0-20260731,21,autopareto,campaign,0,completed,1,0,1.09380472911128,319.55275514895,159.884796142578,224.0,29360392,300.173155546188,cached_decode,compatible,22.6973209489573,3.38801555335522,1.9921875,132,optimization,retained
134,autopareto-seed0-20260731,22,autopareto,campaign,0,completed,1,0,1.09329433778045,312.837521699477,159.884796142578,224.0,29360392,300.19597029686,cached_decode,compatible,22.1154432896629,3.68610490113497,1.9921875,132,optimization,retained
135,autopareto-seed0-20260731,23,autopareto,campaign,0,completed,1,0,1.09948662455583,287.078688082837,144.884063720703,160.0,24117384,300.124918222427,cached_decode,compatible,24.2295102650825,4.02712542563677,0.99609375,134,architecture,retained
136,autopareto-seed0-20260731,24,autopareto,campaign,0,completed,1,0,1.11632364663503,351.092496621466,105.196922302246,128.0,17891526,300.027390003204,cached_decode,compatible,10.4764517107109,3.38555127382278,1.12060546875,134,architecture,retained
137,autopareto-seed0-20260731,25,autopareto,campaign,0,completed,1,0,1.0974344667032,408.399595417611,141.384788513184,192.0,26214662,300.053003549576,cached_decode,compatible,32.2573469295732,2.89321690797806,1.494140625,136,architecture,retained
138,autopareto-seed1-20260731,1,autopareto,campaign,1,completed,1,0,1.10163564870079,160.030093483184,249.886291503906,288.0,50332176,300.269768476486,cached_decode,compatible,1.90157473199215,6.52565900236368,3.984375,9,batching,retained
139,autopareto-seed1-20260731,2,autopareto,campaign,1,completed,1,0,1.10111391564804,185.319655049773,231.386283874512,256.0,47186446,300.216620445251,cached_decode,compatible,0.707682377135306,5.73696102946997,3.486328125,138,architecture,retained
140,autopareto-seed1-20260731,3,autopareto,campaign,1,completed,1,0,1.09913192950817,219.22622886954,142.697494506836,160.0,26345772,300.191777467728,cached_decode,compatible,15.5211912375444,5.55131025612354,2.2412109375,139,architecture,retained
141,autopareto-seed1-20260731,4,autopareto,campaign,1,completed,1,0,1.09775076017136,249.021542733732,132.197486877441,160.0,24576298,300.050753831863,cached_decode,compatible,2.38859545615118,4.25894279032946,1.86767578125,140,architecture,retained
142,autopareto-seed1-20260731,5,autopareto,campaign,1,completed,1,0,1.15324241100452,321.210416694794,80.5090637207031,128.0,11534472,300.013312339783,cached_decode,compatible,20.7059240236086,3.40037234127522,0.99609375,141,architecture,retained
143,autopareto-seed1-20260731,6,autopareto,campaign,1,completed,1,0,1.11105623681424,293.740174886694,115.696929931641,160.0,19661000,300.128657817841,cached_decode,compatible,23.181712704992,3.94847709685564,1.494140625,141,architecture,retained
144,autopareto-seed1-20260731,7,autopareto,campaign,1,completed,1,0,1.0977430424757,256.894405720728,132.197486877441,192.0,24576298,300.164932966232,cached_decode,compatible,1.1461319120099,4.15137130767107,1.86767578125,141,schedule,retained
145,autopareto-seed1-20260731,8,autopareto,campaign,1,completed,1,0,1.09807287359354,250.918356572199,132.197486877441,160.0,24576298,300.053551912308,cached_decode,compatible,2.28675696308169,4.27968800067902,1.86767578125,144,schedule,dominated
146,autopareto-seed1-20260731,9,autopareto,campaign,1,completed,1,0,1.09852494078498,251.015268991009,132.197486877441,160.0,24576298,300.070030927658,cached_decode,compatible,18.5123463067938,5.10504562407732,1.86767578125,144,optimizer,dominated
147,autopareto-seed1-20260731,10,autopareto,campaign,1,completed,1,0,1.10608421761487,249.199683067901,113.321388244629,128.0,17301610,300.142606258392,cached_decode,compatible,5.27999266224689,4.41982317715883,0.62255859375,144,architecture,retained
148,autopareto-seed1-20260731,11,autopareto,campaign,1,completed,1,0,1.12175054555989,300.869851563587,102.196197509766,128.0,14680136,300.134284496307,cached_decode,compatible,7.24999910094993,4.9994895234704,0.498046875,143,architecture,retained
149,autopareto-seed1-20260731,12,autopareto,campaign,1,completed,1,0,1.12162997773111,211.270066371552,102.196197509766,128.0,14680136,300.035255432129,cached_decode,compatible,33.5291635535859,5.55768143385649,0.498046875,148,schedule,retained
150,autopareto-seed1-20260731,13,autopareto,campaign,1,completed,1,0,1.15343181030596,195.976475905824,74.5086975097656,96.0,9175112,300.046171188354,cached_decode,compatible,4.4517675047375,7.08274077624083,0.498046875,142,architecture,retained
151,autopareto-seed1-20260731,14,autopareto,campaign,1,completed,1,0,1.17713384833781,409.321906674896,75.7590560913086,128.0,10748038,300.091398477554,cached_decode,compatible,11.1510441108587,2.70347855985165,0.7470703125,142,architecture,retained
152,autopareto-seed1-20260731,15,autopareto,campaign,1,completed,1,0,1.34284693318037,534.793682519771,49.8209991455078,96.0,3538980,300.110080718994,cached_decode,compatible,32.1608317811214,2.20906641334295,0.2490234375,151,architecture,retained
153,autopareto-seed1-20260731,16,autopareto,campaign,1,completed,1,0,1.50147752322125,1073.00524969132,48.5709915161133,96.0,3342370,300.190880060196,cached_decode,compatible,46.1495221837575,1.277020201087,0.12451171875,152,architecture,retained
154,autopareto-seed1-20260731,17,autopareto,campaign,1,completed,1,0,1.09709061977295,256.520371711695,132.197486877441,160.0,24576298,300.128001451492,cached_decode,compatible,11.8288846406474,4.25881147384644,1.86767578125,144,optimizer,retained
155,autopareto-seed1-20260731,18,autopareto,campaign,1,completed,1,0,1.10026238715329,251.379496326579,132.197486877441,192.0,24576298,300.081296920776,cached_decode,compatible,13.3728000318794,4.48786374181509,1.86767578125,154,optimizer,dominated
156,autopareto-seed1-20260731,19,autopareto,campaign,1,completed,1,0,1.09720101626032,253.740879722868,132.197486877441,192.0,24576298,300.059632539749,cached_decode,compatible,11.7551750653923,4.34202700853348,1.86767578125,154,optimizer,dominated
157,autopareto-seed1-20260731,20,autopareto,campaign,1,completed,1,0,1.09763290530377,254.563765341393,132.197486877441,160.0,24576298,300.175905942917,cached_decode,compatible,3.13928537110515,4.13338281214237,1.86767578125,154,optimizer,dominated
158,autopareto-seed1-20260731,21,autopareto,campaign,1,completed,1,0,1.09673954981651,257.143790681975,132.197486877441,160.0,24576298,300.135673999786,cached_decode,compatible,11.6612532336911,4.1443407535553,1.86767578125,154,optimizer,retained
159,autopareto-seed1-20260731,22,autopareto,campaign,1,completed,1,0,1.09682072725933,233.003697304577,132.197486877441,160.0,24576298,300.12543964386,cached_decode,compatible,17.0222340235296,4.74855303764343,1.86767578125,158,optimizer,dominated
160,autopareto-seed1-20260731,23,autopareto,campaign,1,completed,1,0,1.09679570358695,250.973909333999,132.197486877441,192.0,24576298,300.186046600342,cached_decode,compatible,4.01032841214827,4.83827106654644,1.86767578125,158,optimizer,dominated
161,autopareto-seed1-20260731,24,autopareto,campaign,1,completed,1,0,1.09608666918508,254.329368446619,132.197486877441,192.0,24576298,300.190338850021,cached_decode,compatible,32.8598130712901,4.27856668829918,1.86767578125,158,optimizer,retained
162,autopareto-seed1-20260731,25,autopareto,campaign,1,completed,1,0,1.09575509048361,253.704750301938,132.197486877441,160.0,24576298,300.151458263397,cached_decode,compatible,15.2901258919604,4.65823523700237,1.86767578125,161,optimizer,retained
163,tpe-seed42-20260805,1,tpe,campaign,42,oom,0,1,,,,,,,,not_started,,,,,,
164,tpe-seed42-20260805,2,tpe,campaign,42,completed,1,0,1.29352418600632,172.011305796409,257.571586608887,288.0,44499086,300.724476099014,cached_decode,compatible,5.34190664032361,5.93110546469688,0.87158203125,,,
165,tpe-seed42-20260805,3,tpe,campaign,42,completed,1,0,1.13620651848737,149.992913597532,304.324523925781,384.0,57016976,300.117100000381,cached_decode,compatible,4.68604094285931,6.60472101299092,2.490234375,,,
166,tpe-seed42-20260805,4,tpe,campaign,42,completed,1,0,1.28424288488757,130.319265757981,432.510200500488,480.0,79692114,301.429025888443,cached_decode,compatible,5.24751669084982,8.03530198754743,2.2412109375,,,
167,tpe-seed42-20260805,5,tpe,campaign,42,completed,1,0,1.14375941945912,124.058709428293,415.575454711914,480.0,85852980,300.191384315491,cached_decode,compatible,8.15328460884369,8.91872798092663,6.2255859375,,,
168,tpe-seed42-20260805,6,tpe,campaign,42,completed,1,0,1.16844787420272,179.959958761654,159.198051452637,192.0,31261070,300.991698265076,cached_decode,compatible,9.88666986897423,6.36009802110493,2.61474609375,,,
169,tpe-seed42-20260805,7,tpe,campaign,42,completed,1,0,1.22754725595996,197.698689986883,182.38444519043,224.0,31981772,300.057104110718,cached_decode,compatible,14.3620315776267,6.09574094414711,1.494140625,,,
170,tpe-seed42-20260805,8,tpe,campaign,42,completed,1,0,1.14076652967012,155.856597364305,345.578186035156,384.0,70780176,300.029920578003,cached_decode,compatible,9.46461614204998,6.43324904376641,4.98046875,,,
171,tpe-seed42-20260805,9,tpe,campaign,42,completed,1,0,1.1634825333074,157.901089744872,167.200256347656,224.0,33030928,300.335149288177,cached_decode,compatible,5.35448167029077,6.45671848906204,2.98828125,,,
172,tpe-seed42-20260805,10,tpe,campaign,42,completed,1,0,1.10332756151667,199.22012218884,179.885543823242,224.0,31981964,300.140864372253,cached_decode,compatible,4.49293485748485,5.53283194312826,1.494140625,,,
173,tpe-seed42-20260805,11,tpe,campaign,42,completed,1,0,1.68656932387001,119.846251373867,495.665542602539,544.0,86540468,300.587581396103,cached_decode,compatible,6.2657024739113,8.66472400957718,0.62255859375,,,
174,tpe-seed42-20260805,12,tpe,campaign,42,completed,1,0,1.16837340594752,206.781884077511,179.885543823242,224.0,31981964,300.66949057579,cached_decode,compatible,8.60874002123028,5.07445150287822,1.494140625,,,
175,tpe-seed42-20260805,13,tpe,campaign,42,completed,1,0,1.14532358348557,137.912044203053,304.324523925781,384.0,57016976,300.167068243027,cached_decode,compatible,8.56087534518519,7.69083551131189,2.490234375,,,
176,tpe-seed42-20260805,14,tpe,campaign,42,completed,1,0,1.10812499753725,202.816317800295,125.009994506836,160.0,20742444,300.126806020737,cached_decode,compatible,4.76164865554882,6.60673197126016,1.12060546875,,,
177,tpe-seed42-20260805,15,tpe,campaign,42,completed,1,0,1.13687311195282,199.111825096515,95.0401458740234,128.0,13205612,300.099823474884,cached_decode,compatible,26.9442193764184,6.40343897975981,0.37353515625,,,
178,tpe-seed42-20260805,16,tpe,campaign,42,completed,1,0,1.10292926100931,210.032739547495,202.387741088867,256.0,39846668,300.119011640549,cached_decode,compatible,20.5535932392459,5.06399845471606,2.98828125,,,
179,tpe-seed42-20260805,17,tpe,campaign,42,completed,1,0,1.10977156050465,200.020065516226,179.885543823242,224.0,31981964,300.325336456299,cached_decode,compatible,16.0176367831451,6.46841851994395,1.494140625,,,
180,tpe-seed42-20260805,18,tpe,campaign,42,completed,1,0,1.10209476905883,202.745090772594,202.387741088867,256.0,39846668,300.233449220657,cached_decode,compatible,14.390760468744,5.68898901110515,2.98828125,,,
181,tpe-seed42-20260805,19,tpe,campaign,42,completed,1,0,1.11586391978772,178.886155932623,270.889945983887,352.0,56181902,300.070546865463,cached_decode,compatible,1.32131399402589,5.98949549021199,3.922119140625,,,
182,tpe-seed42-20260805,20,tpe,campaign,42,oom,0,1,,,,,,,,not_started,,,,,,
183,tpe-seed42-20260805,21,tpe,campaign,42,completed,1,0,1.09770222878352,212.294530043075,204.885543823242,224.0,39846284,300.250949621201,cached_decode,compatible,7.77504893313305,5.18218002980575,2.98828125,,,
184,tpe-seed42-20260805,22,tpe,campaign,42,completed,1,0,1.10487241426476,216.158529377585,202.387741088867,256.0,39846668,300.084605693817,cached_decode,compatible,6.1125691894106,5.09225996211171,2.98828125,,,
185,tpe-seed42-20260805,23,tpe,campaign,42,completed,1,0,1.09995565108263,199.121077198915,142.697494506836,160.0,26345772,300.013055086136,cached_decode,compatible,10.2850647829128,5.66554197575897,2.2412109375,,,
186,tpe-seed42-20260805,24,tpe,campaign,42,completed,1,0,1.10498984315219,179.446154621216,142.697494506836,160.0,26345772,300.198081493378,cached_decode,compatible,16.20083385478,5.82868297351524,2.2412109375,,,
187,tpe-seed42-20260805,25,tpe,campaign,42,completed,1,0,1.16856544845589,213.069028916595,171.133895874023,192.0,28049516,300.061518907547,cached_decode,compatible,20.1640796433823,5.74405596125871,0.7470703125,,,
188,cmaes-seed42-20260805,1,cmaes,campaign,42,completed,1,0,1.22827572091463,130.163657157347,251.696784973145,320.0,42582194,301.057988405228,cached_decode,compatible,3.13659971132698,7.9810555325821,0.560302734375,,,
189,cmaes-seed42-20260805,2,cmaes,campaign,42,completed,1,0,1.17831722869381,138.229652881049,217.386291503906,288.0,39846416,300.829655408859,cached_decode,compatible,12.618280181802,7.86700553726405,1.9921875,,,
190,cmaes-seed42-20260805,3,cmaes,campaign,42,completed,1,0,1.23778223508481,132.2150456485,308.571784973145,352.0,54067378,300.994241952896,cached_decode,compatible,4.93262969152172,7.73844646755606,1.12060546875,,,
191,cmaes-seed42-20260805,4,cmaes,campaign,42,completed,1,0,1.18315054502378,155.205332799839,219.884826660156,288.0,39846160,300.275940656662,cached_decode,compatible,10.8812613184246,7.24751246161759,1.9921875,,,
192,cmaes-seed42-20260805,5,cmaes,campaign,42,completed,1,0,1.26206445970027,134.688316322225,219.884826660156,288.0,39846160,300.719435930252,cached_decode,compatible,11.3706662990352,13.2028160733171,1.9921875,,,
193,cmaes-seed42-20260805,6,cmaes,campaign,42,completed,1,0,1.13976146194926,200.754529562141,125.009994506836,192.0,20742444,300.069541454315,cached_decode,compatible,14.9755431308855,5.60626696096733,1.12060546875,,,
194,cmaes-seed42-20260805,7,cmaes,campaign,42,completed,1,0,1.17350707769774,172.005379532312,189.009086608887,256.0,31850638,300.72884106636,cached_decode,compatible,16.6057676984801,6.76929100882262,0.87158203125,,,
195,cmaes-seed42-20260805,8,cmaes,campaign,42,completed,1,0,1.18499640334435,156.707555280459,219.884826660156,256.0,39846160,300.126727342606,cached_decode,compatible,2.6598690117033,6.60358450841159,1.9921875,,,
196,cmaes-seed42-20260805,9,cmaes,campaign,42,completed,1,0,1.22143059078109,161.029806669092,217.386291503906,288.0,39846416,300.862741708755,cached_decode,compatible,8.16038559776643,6.49192050332204,1.9921875,,,
197,cmaes-seed42-20260805,10,cmaes,campaign,42,completed,1,0,1.19512290502249,153.198411743385,217.386291503906,288.0,39846416,300.503473758698,cached_decode,compatible,2.75820193085895,8.00212554167956,1.9921875,,,
198,cmaes-seed42-20260805,11,cmaes,campaign,42,completed,1,0,1.19226399824265,150.87180765157,219.884826660156,288.0,39846160,300.794680356979,cached_decode,compatible,12.728645754859,9.77392395725474,1.9921875,,,
199,cmaes-seed42-20260805,12,cmaes,campaign,42,completed,1,0,1.15185278436399,131.103387713455,146.948059082031,224.0,25559440,300.237979888916,cached_decode,compatible,15.4071843972715,11.7684674914926,1.494140625,,,
200,cmaes-seed42-20260805,13,cmaes,campaign,42,completed,1,0,1.17855453478967,150.299837511208,219.884826660156,288.0,39846160,300.630194425583,cached_decode,compatible,9.5456175465404,8.34689004113898,1.9921875,,,
201,cmaes-seed42-20260805,14,cmaes,campaign,42,completed,1,0,1.17299891211328,175.739523300459,203.134819030762,256.0,36962574,300.231543064117,cached_decode,compatible,9.26033339358438,6.14216946996748,1.7431640625,,,
202,cmaes-seed42-20260805,15,cmaes,campaign,42,completed,1,0,1.10828742483953,174.721370686009,131.072319030762,160.0,21496078,300.075098991394,cached_decode,compatible,14.5848508419412,7.38591293338686,0.87158203125,,,
203,cmaes-seed42-20260805,16,cmaes,campaign,42,completed,1,0,1.1731783892717,174.525113091281,150.415336608887,192.0,23888014,300.130648136139,cached_decode,compatible,15.1925013097511,7.11325451266021,0.435791015625,,,
204,cmaes-seed42-20260805,17,cmaes,campaign,42,completed,1,0,1.19284851544712,152.70564661922,217.386291503906,288.0,39846416,300.438684225082,cached_decode,compatible,7.26493024450286,8.13590647885576,1.9921875,,,
205,cmaes-seed42-20260805,18,cmaes,campaign,42,completed,1,0,1.16463631762641,131.519679613571,140.197326660156,192.0,23068944,300.437701463699,cached_decode,compatible,13.177390168363,9.40403650747612,0.99609375,,,
206,cmaes-seed42-20260805,19,cmaes,campaign,42,completed,1,0,1.12173581037347,175.779009383041,150.415336608887,192.0,23888014,300.154901742935,cached_decode,compatible,9.78642918940825,8.0161684891209,0.435791015625,,,
207,cmaes-seed42-20260805,20,cmaes,campaign,42,completed,1,0,1.19095991321174,154.787350092206,219.884826660156,288.0,39846160,300.767868995667,cached_decode,compatible,11.0749550848968,9.36109910253435,1.9921875,,,
208,cmaes-seed42-20260805,21,cmaes,campaign,42,completed,1,0,1.1830286971246,173.573024704223,203.134819030762,256.0,36962574,300.581902980804,cached_decode,compatible,13.6676729030043,7.69478501752019,1.7431640625,,,
209,cmaes-seed42-20260805,22,cmaes,campaign,42,completed,1,0,1.13139715395718,205.478105772303,119.94694519043,160.0,18874572,300.303556203842,cached_decode,compatible,3.19430792726631,7.50480947317556,0.7470703125,,,
210,cmaes-seed42-20260805,23,cmaes,campaign,42,completed,1,0,1.12940814659923,202.719201278902,125.009994506836,160.0,20742444,300.294002532959,cached_decode,compatible,16.4088483662947,5.93590846983716,1.12060546875,,,
211,cmaes-seed42-20260805,24,cmaes,campaign,42,completed,1,0,1.18180719580354,154.576704128654,219.884826660156,288.0,39846160,300.322265148163,cached_decode,compatible,5.49893009658724,7.71492492640391,1.9921875,,,
212,cmaes-seed42-20260805,25,cmaes,campaign,42,completed,1,0,1.18241001418091,177.50998631979,150.415336608887,192.0,23888014,300.429901838303,cached_decode,compatible,6.3311159872098,6.12196396104991,0.435791015625,,,
213,motpe-seed42-20260805,1,motpe,campaign,42,oom,0,1,,,,,,,,not_started,,,,,,
214,motpe-seed42-20260805,2,motpe,campaign,42,completed,1,0,1.29599812599048,174.964006162371,257.571586608887,320.0,44499086,301.443817615509,cached_decode,compatible,7.95187539381486,6.86376099474728,0.87158203125,,,
215,motpe-seed42-20260805,3,motpe,campaign,42,completed,1,0,1.13617730476758,156.543988798594,304.324523925781,384.0,57016976,300.573151826859,cached_decode,compatible,1.33536384634247,8.69239598978311,2.490234375,,,
216,motpe-seed42-20260805,4,motpe,campaign,42,completed,1,0,1.28477015621496,139.774279997686,432.510200500488,480.0,79692114,300.38600230217,cached_decode,compatible,0.698047195358513,8.46293597714975,2.2412109375,,,
217,motpe-seed42-20260805,5,motpe,campaign,42,completed,1,0,1.1433091472416,125.881966853803,415.575454711914,512.0,85852980,300.088763952255,cached_decode,compatible,0.863114628427987,7.75293196784332,6.2255859375,,,
218,motpe-seed42-20260805,6,motpe,campaign,42,completed,1,0,1.17261471687417,178.587145858494,159.198051452637,224.0,31261070,300.468847751617,cached_decode,compatible,2.16293386782933,8.31157196080312,2.61474609375,,,
219,motpe-seed42-20260805,7,motpe,campaign,42,completed,1,0,1.21603683790542,202.136750700519,182.38444519043,224.0,31981772,301.19218993187,cached_decode,compatible,15.5993687622007,6.40328496228904,1.494140625,,,
220,motpe-seed42-20260805,8,motpe,campaign,42,completed,1,0,1.1408779974976,161.794309848787,345.578186035156,384.0,70780176,300.461872339249,cached_decode,compatible,1.56077528187393,6.13904348574579,4.98046875,,,
221,motpe-seed42-20260805,9,motpe,campaign,42,completed,1,0,1.13988950839233,163.946915575016,167.200256347656,224.0,33030928,300.178335428238,cached_decode,compatible,14.4217152319923,7.67323147738352,2.98828125,,,
222,motpe-seed42-20260805,10,motpe,campaign,42,completed,1,0,1.10266934921098,200.167305810557,179.885543823242,224.0,31981964,300.245466947556,cached_decode,compatible,25.9336126310281,6.18201901670545,1.494140625,,,
223,motpe-seed42-20260805,11,motpe,campaign,42,completed,1,0,1.68915477427966,124.240282510479,495.665542602539,544.0,86540468,301.776492357254,cached_decode,compatible,0.984435839197784,10.08090848336,0.62255859375,,,
224,motpe-seed42-20260805,12,motpe,campaign,42,completed,1,0,1.12873774007882,182.113966305711,159.198051452637,192.0,31261070,300.47593164444,cached_decode,compatible,1.93690678517056,6.40006753383204,2.61474609375,,,
225,motpe-seed42-20260805,13,motpe,campaign,42,completed,1,0,1.11291543310629,179.414769048285,133.571586608887,160.0,21495950,300.141812086105,cached_decode,compatible,1.01278430877876,6.0023904661648,0.87158203125,,,
226,motpe-seed42-20260805,14,motpe,campaign,42,completed,1,0,1.20633714439231,179.063220519188,189.009086608887,224.0,31850638,300.466728210449,cached_decode,compatible,3.14850959648656,7.88348296191543,0.87158203125,,,
227,motpe-seed42-20260805,15,motpe,campaign,42,completed,1,0,1.1100793727077,175.056945825513,131.072319030762,160.0,21496078,300.165601968765,cached_decode,compatible,11.6608274720013,7.56204855861142,0.87158203125,,,
228,motpe-seed42-20260805,16,motpe,campaign,42,completed,1,0,1.10088917223974,204.398659636447,179.885543823242,224.0,31981964,300.098113775253,cached_decode,compatible,12.4971395214755,5.77855750452727,1.494140625,,,
229,motpe-seed42-20260805,17,motpe,campaign,42,completed,1,0,1.11091256435373,162.076851311782,142.696594238281,160.0,23068816,300.065646886826,cached_decode,compatible,0.437927775717669,6.31370046176016,0.99609375,,,
230,motpe-seed42-20260805,18,motpe,campaign,42,completed,1,0,1.11208896608966,178.534440405103,133.571586608887,160.0,21495950,300.228947401047,cached_decode,compatible,12.1080355814483,6.22679298976436,0.87158203125,,,
231,motpe-seed42-20260805,19,motpe,campaign,42,completed,1,0,1.11254168875808,176.779218713258,133.571586608887,160.0,21495950,300.008996725082,cached_decode,compatible,3.5090226926268,6.13509502727538,0.87158203125,,,
232,motpe-seed42-20260805,20,motpe,campaign,42,completed,1,0,1.1143218790412,213.973946318095,125.009994506836,160.0,20742444,300.246253728867,cached_decode,compatible,21.9721612920189,4.91915753809735,1.12060546875,,,
233,motpe-seed42-20260805,21,motpe,campaign,42,completed,1,0,1.11532101711814,218.946634143562,125.009994506836,160.0,20742444,300.051099777222,cached_decode,compatible,5.32296349778002,5.44159894343466,1.12060546875,,,
234,motpe-seed42-20260805,22,motpe,campaign,42,completed,1,0,1.09811163299638,226.084806924715,142.697494506836,160.0,26345772,300.223214387894,cached_decode,compatible,23.5578962905772,4.61740104947239,2.2412109375,,,
235,motpe-seed42-20260805,23,motpe,campaign,42,completed,1,0,1.10957042331974,214.171067792438,122.446395874023,160.0,18874476,300.076565980911,cached_decode,compatible,10.5106956206041,4.83203050680459,0.7470703125,,,
236,motpe-seed42-20260805,24,motpe,campaign,42,completed,1,0,1.10856511598504,211.659334248045,122.446395874023,192.0,18874476,300.032857894897,cached_decode,compatible,16.1704820985104,5.12283999705687,0.7470703125,,,
237,motpe-seed42-20260805,25,motpe,campaign,42,completed,1,0,1.10081014972409,228.995012160613,142.697494506836,160.0,26345772,300.179983377457,cached_decode,compatible,1.31738173391899,4.54937905305997,2.2412109375,,,
238,random-search-seed42-20260805,1,random_search,campaign,42,oom,0,1,,,,,,,,not_started,,,,,,
239,random-search-seed42-20260805,2,random_search,campaign,42,completed,1,0,1.29504665189927,173.26137002253,257.571586608887,288.0,44499086,301.371323347092,cached_decode,compatible,6.16458136253057,5.93158893752843,0.87158203125,,,
240,random-search-seed42-20260805,3,random_search,campaign,42,completed,1,0,1.13730999774362,158.31332263998,304.324523925781,384.0,57016976,300.508655309677,cached_decode,compatible,4.36631288401503,6.56261597760022,2.490234375,,,
241,random-search-seed42-20260805,4,random_search,campaign,42,completed,1,0,1.28477735314986,140.009970508736,432.510200500488,512.0,79692114,300.473766565323,cached_decode,compatible,1.04734459663439,7.33157998183742,2.2412109375,,,
242,random-search-seed42-20260805,5,random_search,campaign,42,completed,1,0,1.14306667400632,128.475747814452,415.575454711914,480.0,85852980,300.001457691193,cached_decode,compatible,1.75663312774405,7.83467543078586,6.2255859375,,,
243,random-search-seed42-20260805,6,random_search,campaign,42,completed,1,0,1.16161478226867,185.22222100672,159.198051452637,224.0,31261070,300.551470041275,cached_decode,compatible,9.8427550149039,5.58827398344874,2.61474609375,,,
244,random-search-seed42-20260805,7,random_search,campaign,42,completed,1,0,1.22722498332769,208.892053231154,182.38444519043,224.0,31981772,300.632353067398,cached_decode,compatible,7.70667649082671,5.12356701074168,1.494140625,,,
245,random-search-seed42-20260805,8,random_search,campaign,42,completed,1,0,1.14047709691381,153.051237230328,345.578186035156,416.0,70780176,300.384058713913,cached_decode,compatible,4.68898193192123,6.59006356727332,4.98046875,,,
246,random-search-seed42-20260805,9,random_search,campaign,42,completed,1,0,1.16130693971453,165.603249079131,167.200256347656,224.0,33030928,300.548522233963,cached_decode,compatible,8.28974165973335,6.20929547585547,2.98828125,,,
247,random-search-seed42-20260805,10,random_search,campaign,42,completed,1,0,1.10380866085385,204.563095815885,179.885543823242,224.0,31981964,300.228283882141,cached_decode,compatible,10.597761131453,5.43075607856736,1.494140625,,,
248,random-search-seed42-20260805,11,random_search,campaign,42,completed,1,0,1.19971858618692,156.250753715048,202.384826660156,224.0,34603280,300.733474731445,cached_decode,compatible,2.6582448326138,6.80978049058467,0.99609375,,,
249,random-search-seed42-20260805,12,random_search,campaign,42,oom,0,1,,,,,,,,not_started,,,,,,
250,random-search-seed42-20260805,13,random_search,campaign,42,completed,1,0,1.28944049040349,173.299619006561,257.571586608887,288.0,44499086,301.412193536758,cached_decode,compatible,12.5554428546343,6.43567153019831,0.87158203125,,,
251,random-search-seed42-20260805,14,random_search,campaign,42,completed,1,0,1.21576409931182,156.592298586282,142.696594238281,192.0,23068816,300.751991033554,cached_decode,compatible,5.81513251532787,6.6394965397194,0.99609375,,,
252,random-search-seed42-20260805,15,random_search,campaign,42,completed,1,0,1.39818376684693,143.441249391028,345.578186035156,416.0,70780176,300.72055888176,cached_decode,compatible,10.3840131418644,6.85654097469524,4.98046875,,,
253,random-search-seed42-20260805,16,random_search,campaign,42,completed,1,0,1.26738994339709,142.792831252875,308.571784973145,352.0,54067378,300.744121789932,cached_decode,compatible,3.86522393249235,7.05364643363282,1.12060546875,,,
254,random-search-seed42-20260805,17,random_search,campaign,42,completed,1,0,1.2209721929919,158.990726299338,282.071594238281,352.0,48758928,300.622767925262,cached_decode,compatible,0.626587590492553,6.37040054425597,0.99609375,,,
255,random-search-seed42-20260805,18,random_search,campaign,42,completed,1,0,1.22153592023437,154.746008546261,142.696594238281,160.0,23068816,300.884265899658,cached_decode,compatible,8.30569457956484,6.68193696765229,0.99609375,,,
256,random-search-seed42-20260805,19,random_search,campaign,42,completed,1,0,1.11004537736055,156.520588057186,204.884094238281,256.0,34603152,300.351113557816,cached_decode,compatible,4.01275469893583,7.13923602597788,0.99609375,,,
257,random-search-seed42-20260805,20,random_search,campaign,42,completed,1,0,1.21861768932671,189.411719294274,270.889945983887,352.0,56181902,300.206945180893,cached_decode,compatible,1.13092114862483,5.48517506103963,3.922119140625,,,
258,random-search-seed42-20260805,21,random_search,campaign,42,completed,1,0,1.44142577015208,142.657800955551,222.759284973145,256.0,38404274,301.734445810318,cached_decode,compatible,0.787219791659906,7.44398141978309,1.12060546875,,,
259,random-search-seed42-20260805,22,random_search,campaign,42,completed,1,0,1.20355691508419,185.545818806609,156.700248718262,224.0,31261454,300.31396818161,cached_decode,compatible,9.49359186993311,5.61313593061641,2.61474609375,,,
260,random-search-seed42-20260805,23,random_search,campaign,42,completed,1,0,1.10463588398527,183.660368997052,190.825981140137,224.0,38880142,300.265379428864,cached_decode,compatible,8.6068703422156,5.6821524631232,3.050537109375,,,
261,random-search-seed42-20260805,24,random_search,campaign,42,completed,1,0,1.18451427473259,187.138407724975,190.825981140137,224.0,38880142,300.568325519562,cached_decode,compatible,7.09733888181548,5.751300486736,3.050537109375,,,
262,random-search-seed42-20260805,25,random_search,campaign,42,completed,1,0,1.21095399038129,174.938075974939,131.072319030762,160.0,21496078,300.63601732254,cached_decode,compatible,1.54337383197689,6.94896548520774,0.87158203125,,,
263,nsgaii-seed42-20260805,1,nsgaii,campaign,42,oom,0,1,,,,,,,,not_started,,,,,,
264,nsgaii-seed42-20260805,2,nsgaii,campaign,42,completed,1,0,1.29531635911151,175.069783446716,257.571586608887,320.0,44499086,301.488253355026,cached_decode,compatible,10.8768807951327,7.56569305667654,0.87158203125,,,
265,nsgaii-seed42-20260805,3,nsgaii,campaign,42,completed,1,0,1.13684819956776,153.115891762415,304.324523925781,384.0,57016976,300.275948286057,cached_decode,compatible,8.21224246939452,8.08914698427543,2.490234375,,,
266,nsgaii-seed42-20260805,4,nsgaii,campaign,42,completed,1,0,1.28575944296809,140.665142885911,432.510200500488,512.0,79692114,301.469477891922,cached_decode,compatible,3.83322654532506,10.9068945166655,2.2412109375,,,
267,nsgaii-seed42-20260805,5,nsgaii,campaign,42,completed,1,0,1.14323218167767,128.321510691326,415.575454711914,448.0,85852980,300.627626657486,cached_decode,compatible,4.96612312138025,9.10301454132423,6.2255859375,,,
268,nsgaii-seed42-20260805,6,nsgaii,campaign,42,completed,1,0,1.1620090908094,185.361294071575,159.198051452637,224.0,31261070,301.107416391373,cached_decode,compatible,1.01906502217079,5.58012002147734,2.61474609375,,,
269,nsgaii-seed42-20260805,7,nsgaii,campaign,42,completed,1,0,1.21752263649062,197.905183540415,182.38444519043,224.0,31981772,300.074662685394,cached_decode,compatible,17.376061604004,5.83933998132125,1.494140625,,,
270,nsgaii-seed42-20260805,8,nsgaii,campaign,42,completed,1,0,1.14123711528433,162.231259033049,345.578186035156,416.0,70780176,300.192708492279,cached_decode,compatible,6.83201262331915,5.97038201522082,4.98046875,,,
271,nsgaii-seed42-20260805,9,nsgaii,campaign,42,completed,1,0,1.16626811931611,179.464832537209,133.571586608887,192.0,21495950,300.453891992569,cached_decode,compatible,20.3436364897739,10.3025555727072,0.87158203125,,,
272,nsgaii-seed42-20260805,10,nsgaii,campaign,42,oom,0,1,,,,,,,,not_started,,,,,,
273,nsgaii-seed42-20260805,11,nsgaii,campaign,42,completed,1,0,1.23001547396553,181.298462523788,319.324516296387,384.0,65864334,301.835109949112,cached_decode,compatible,7.69264672458556,5.62382797943428,4.35791015625,,,
274,nsgaii-seed42-20260805,12,nsgaii,campaign,42,completed,1,0,1.14324212032742,183.167826847179,133.571586608887,192.0,21495950,300.418531417847,cached_decode,compatible,0.435187325946032,5.82849746569991,0.87158203125,,,
275,nsgaii-seed42-20260805,13,nsgaii,campaign,42,completed,1,0,1.10774366169001,166.052850920346,249.886291503906,320.0,50332176,300.03911948204,cached_decode,compatible,10.0444172897738,6.37518742587417,3.984375,,,
276,nsgaii-seed42-20260805,14,nsgaii,campaign,42,completed,1,0,1.11416721575993,188.957523870752,270.889945983887,320.0,56181902,300.060729503632,cached_decode,compatible,5.95451061039609,5.84064953727648,3.922119140625,,,
277,nsgaii-seed42-20260805,15,nsgaii,campaign,42,completed,1,0,1.15912141013429,183.036528469188,159.198051452637,192.0,31261070,300.022510290146,cached_decode,compatible,4.97395918355999,7.34936248045415,2.61474609375,,,
278,nsgaii-seed42-20260805,16,nsgaii,campaign,42,completed,1,0,1.12110465792536,178.872607670032,226.541801452637,288.0,40501646,300.419752836227,cached_decode,compatible,12.3974688035993,6.24010694446042,1.307373046875,,,
279,nsgaii-seed42-20260805,17,nsgaii,campaign,42,completed,1,0,1.11529854666438,186.970337383688,270.889945983887,352.0,56181902,300.451454401016,cached_decode,compatible,10.0999444301189,6.24966097529978,3.922119140625,,,
280,nsgaii-seed42-20260805,18,nsgaii,campaign,42,completed,1,0,1.16395392136175,123.270330502019,361.512954711914,448.0,68649780,300.63936662674,cached_decode,compatible,1.72643415453597,8.29763349611312,3.11279296875,,,
281,nsgaii-seed42-20260805,19,nsgaii,campaign,42,completed,1,0,1.12106013980315,178.516655337627,226.541801452637,288.0,40501646,300.453916788101,cached_decode,compatible,10.3935549463201,6.38434948632494,1.307373046875,,,
282,nsgaii-seed42-20260805,20,nsgaii,campaign,42,completed,1,0,1.16259536890939,214.146186231928,182.38444519043,224.0,31981772,300.021802663803,cached_decode,compatible,15.7579789745446,4.98050602618605,1.494140625,,,
283,nsgaii-seed42-20260805,21,nsgaii,campaign,42,completed,1,0,1.14751880358211,158.65175484583,279.572326660156,352.0,48759056,300.51923584938,cached_decode,compatible,2.11413362774807,6.50009303353727,0.99609375,,,
284,nsgaii-seed42-20260805,22,nsgaii,campaign,42,completed,1,0,1.19666045913291,178.061394158514,257.571586608887,320.0,44499086,300.891830921173,cached_decode,compatible,12.8196242702668,8.56722396565601,0.87158203125,,,
285,nsgaii-seed42-20260805,23,nsgaii,campaign,42,completed,1,0,1.20360431336479,154.369220019715,249.886291503906,320.0,50332176,301.319783449173,cached_decode,compatible,11.9170184723277,7.776626967825,3.984375,,,
286,nsgaii-seed42-20260805,24,nsgaii,campaign,42,completed,1,0,1.1199297173014,172.50335923511,257.571586608887,288.0,44499086,300.315044879913,cached_decode,compatible,13.1329671136824,6.32398849120364,0.87158203125,,,
287,nsgaii-seed42-20260805,25,nsgaii,campaign,42,completed,1,0,1.12013750563413,173.193418197399,257.571586608887,288.0,44499086,300.329396724701,cached_decode,compatible,10.2147490739632,5.80958800856024,0.87158203125,,,
